form	lemma	POS	morph
༄༅། །		PUNCT
གྲུབ་མཐ་	གྲུབ་མཐའ་	NOUN
འི་	གི་	PART
སྡོམ་ཚིག་	སྡོམ་ཚིག་	OTHER
བཞུགས་	བཞུགས་	VERB
།།		PUNCT
ཨོཾ་	ཨོཾ་	X
སྭསྟི་		NON_WORD
སིདྡྷཾ་		NON_WORD
།		PUNCT
བླ་མ་	བླ་མ་	NOUN
དམ་པ་	དམ་པ་	VERB
འི་	གི་	PART
ཞབས་	ཞབས་	NOUN
ལ་	ལ་	PART
གུས་པ་	གུས་པ་	VERB
ས་	གིས་	PART
ཕྱག་	ཕྱག་	NOUN
འཚལ་	འཚལ་	VERB
ལོ་	གོ་	PART
། །		PUNCT
ནང་པ་	ནང་པ་	NOUN
སངས་རྒྱས་	སངས་རྒྱས་	NOUN
བསྟན་པ་	བསྟན་པ་	VERB
ནི་	ནི་	NO_POS
། །		PUNCT
མདོ་	མདོ་	NOUN
དང་	དང་	NO_POS
སྔགས་	སྔགས་	NOUN
ཀྱི་	གི་	PART
གྲུབ་མཐ་	གྲུབ་མཐའ་	NOUN
ར་	ལ་	PART
ངེས་	ངེས་	VERB
། །		PUNCT
མདོ་	མདོ་	NOUN
ལ་	ལ་	PART
གྲུབ་མཐའ་	གྲུབ་མཐའ་	NOUN
སྨྲ་བ་	སྨྲ་བ་	VERB
བཞི་	བཞི་	NUM
། །		PUNCT
དང་པོ་	དང་པོ་	ADJ
བྱེ་བྲག་	བྱེ་བྲག་	NOUN
སྨྲ་བ་	སྨྲ་བ་	VERB
འི་	གི་	PART
ལུགས་	ལུགས་	NOUN
། །		PUNCT
ཤེས་པ་	ཤེས་པ་	VERB
ར་	ལ་	PART
བྱ་བ་	བྱ་བ་	VERB
འི་	གི་	PART
གཞི་ལྔ་	གཞི་ལྔ་	NO_POS
ནི་	ནི་	NO_POS
། །		PUNCT
གཟུགས་	གཟུགས་	NOUN
སེམས་	སེམས་	NOUN
སེམས་ལས་	སེམས་ལས་	NOUN
བྱུང་བ་	བྱུང་བ་	VERB
དང་	དང་	NO_POS
། །		PUNCT
མི་	མི་	PART
ལྡན་	ལྡན་	VERB
འདུ་བྱེད་	འདུ་བྱེད་	NOUN
འདུས་མ་བྱས་	འདུས་མ་བྱས་	NO_POS
། །		PUNCT
སྔ་མ་	སྔ་མ་	ADJ
བཞི་	བཞི་	NUM
ནི་	ནི་	NO_POS
མི་རྟག་	མི་རྟག་	OTHER
རྫ་	རྫ་	NOUN
། །		PUNCT
ཕྱི་མ་	ཕྱི་མ་	ADJ
གཅིག་	གཅིག་	NUM
ནི་	ནི་	NO_POS
རྟག་	རྟག་	VERB
རྫ་	རྫ་	NOUN
སོ་	གོ་	PART
། །		PUNCT
འདོད་	འདོད་	VERB
ན་	ལ་	PART
དབང་པོ་	དབང་པོ་	NOUN
མེད་པ་	མེད་པ་	VERB
དང་	དང་	NO_POS
།		PUNCT
སྒྲ་མེད་	སྒྲ་མེད་	NO_POS
ཕྲ་རབ་	ཕྲ་རབ་	NO_POS
རྡུལ་རྫས་	རྡུལ་རྫས་	NO_POS
བརྒྱད་	བརྒྱད་	NUM
། །		PUNCT
ལུས་དབང་	ལུས་དབང་	NO_POS
ལྡན་	ལྡན་	VERB
ལ་རྫས་	ལ་རྫས་	NOUN
དགུ་སྟེ་	དགུ་སྟེ་	NO_POS
།		PUNCT
དབང་པོ་	དབང་པོ་	NOUN
གཞན་	གཞན་	DET
ལྡན་	ལྡན་	VERB
རྫ་	རྫ་	NOUN
བཅུ་	བཅུ་	NUM
དང་	དང་	NO_POS
། །		PUNCT
སྒྲ་	སྒྲ་	NOUN
དང་	དང་	NO_POS
ལྡན་	ལྡན་	VERB
ན་	ལ་	PART
བཅུ་གཅིག་	བཅུ་གཅིག་	NO_POS
གོ་	གོ་	PART
།		PUNCT
གཟུགས་	གཟུགས་	NOUN
ན་	ལ་	PART
དབང་པོ་	དབང་པོ་	NOUN
མེད་པ་	མེད་པ་	VERB
དང་	དང་	NO_POS
། །		PUNCT
སྒྲ་མེད་	སྒྲ་མེད་	NO_POS
ཕྲ་རབ་	ཕྲ་རབ་	NO_POS
སྡུལ་		NON_WORD
རྫ་	རྫ་	NOUN
དྲུག་	དྲུག་	NUM
།		PUNCT
ལུས་དབང་	ལུས་དབང་	NO_POS
ལྡན་	ལྡན་	VERB
ལ་རྫས་	ལ་རྫས་	NOUN
བདུན་	བདུན་	NUM
ཏེ་	སྟེ་	PART
། །		PUNCT
དབང་པོ་	དབང་པོ་	NOUN
གཞན་	གཞན་	DET
རྡུལ་རྫས་	རྡུལ་རྫས་	NO_POS
བརྒྱད་	བརྒྱད་	NUM
དོ་	གོ་	PART
། །		PUNCT
གཟུགས་	གཟུགས་	NOUN
ནི་	ནི་	NO_POS
དབང་པོ་	དབང་པོ་	NOUN
ལྔ་	ལྔ་	NUM
དང་	དང་	NO_POS
དོན་	དོན་	NOUN
། །		PUNCT
ལྔ་	ལྔ་	NUM
དང་	དང་	NO_POS
རྣམ་རིག་	རྣམ་རིག་	OTHER
བྱེད་	བྱེད་	VERB
མིན་	མིན་	AUX
ཉིད་	ཉིད་	DET
། །		PUNCT
རེག་བྱ་	རེག་བྱ་	NOUN
བཅུ་གཉིས་	བཅུ་གཉིས་	NO_POS
བདག་ཉིད་	བདག་ཉིད་	NOUN
དོ་	གོ་	PART
། །		PUNCT
རྣམ་རིག་	རྣམ་རིག་	OTHER
མིན་	མིན་	AUX
རྣམས་	རྣམས་	DET
གསུམ་	གསུམ་	NUM
ཞེ་	ཅེས་	PART
བྱ་	བྱ་	VERB
། །		PUNCT
སྡོམ་	སྡོམ་	NOUN
དང་	དང་	NO_POS
སྡོམ་པ་	སྡོམ་པ་	NOUN
མིན་	མིན་	AUX
དང་	དང་	NO_POS
གཞན་	གཞན་	DET
། །		PUNCT
དེ་བཞིན་	དེ་བཞིན་	OTHER
བསམ་གཏན་	བསམ་གཏན་	NOUN
ཟག་མེད་	ཟག་མེད་	ADJ
དོ་	གོ་	PART
། །		PUNCT
ཕུང་པོ་	ཕུང་པོ་	NOUN
དང་	དང་	NO_POS
ནི་	ནི་	NO_POS
སྐྱེ་མཆེད་	སྐྱེ་མཆེད་	NOUN
ཁམས་	ཁམས་	NOUN
། །		PUNCT
མཚན་ཉིད་	མཚན་ཉིད་	NOUN
དབྱེ་བ་	དབྱེ་བ་	VERB
དང་	དང་	NO_POS
བཅའ་	བཅའ་	VERB
སོ་	གོ་	PART
། །		PUNCT
གཙོ་སེམས་	གཙོ་སེམས་	NO_POS
ཡིད་	ཡིད་	NOUN
དང་	དང་	NO_POS
རྣམ་ཤེས་	རྣམ་ཤེས་	NOUN
རྣམས་	རྣམས་	DET
། །		PUNCT
དོན་	དོན་	NOUN
གཅིག་	གཅིག་	NUM
མིང་	མིང་	NOUN
གི་	གི་	PART
རྣམ་	རྣམ་	NOUN
གྲངས་	གྲངས་	NOUN
ཡིན་	ཡིན་	NO_POS
། །		PUNCT
རྣམ་པ་	རྣམ་པ་	NOUN
ར་	ལ་	PART
ཤེས་པ་	ཤེས་པ་	VERB
ཚོགས་	ཚོགས་	NOUN
དྲུག་	དྲུག་	NUM
སྟེ་	སྟེ་	PART
། །		PUNCT
གཟུང་འཛིན་	གཟུང་འཛིན་	NOUN
དུས་མཉམ་	དུས་མཉམ་	ADV
ཐུགས་	ཐུགས་	NOUN
ཕྲད་	ཕྲད་	VERB
འཛིན་	འཛིན་	VERB
། །		PUNCT
སེམས་བྱུང་	སེམས་བྱུང་	NOUN
ལྔ་	ལྔ་	NUM
བཅུ་	བཅུ་	NUM
རྩ་	རྩ་	NUM
གཅིག་	གཅིག་	NUM
ནི་	ནི་	NO_POS
། །		PUNCT
ཀུན་འགྲོ་	ཀུན་འགྲོ་	NO_POS
ལྔ་	ལྔ་	NUM
དང་	དང་	NO_POS
ཡུལ་	ཡུལ་	NOUN
ངེས་	ངེས་	VERB
ལྔ་	ལྔ་	NUM
། །		PUNCT
དགེ་ལས་	དགེ་ལས་	NO_POS
བྱུང་བ་	བྱུང་བ་	VERB
བཅུ་	བཅུ་	NUM
དང་	དང་	NO_POS
ནི་	ནི་	NO_POS
། །		PUNCT
ཉོན་མོངས་	ཉོན་མོངས་	NOUN
ཆེ་	ཆེ་	VERB
དྲུག་	དྲུག་	NUM
མི་དགེ་	མི་དགེ་	NOUN
འི་	གི་	PART
གཉིས་	གཉིས་	NUM
། །		PUNCT
ཉོན་མོངས་	ཉོན་མོངས་	NOUN
ཆུང་	ཆུང་	VERB
བཅུ་	བཅུ་	NUM
མ་	མ་	PART
ངེས་	ངེས་	VERB
བརྒྱད་	བརྒྱད་	NUM
། །		PUNCT
གཏི་མུག་	གཏི་མུག་	NOUN
མེད་	མེད་	VERB
དང་	དང་	NO_POS
ལྟ་བ་	ལྟ་བ་	VERB
དང་	དང་	NO_POS
། །		PUNCT
ཤེས་རབ་	ཤེས་རབ་	NOUN
མིན་	མིན་	AUX
དང་	དང་	NO_POS
བརྗེད་ངས་	བརྗེད་ངས་	OTHER
དང་	དང་	NO_POS
། །		PUNCT
རྣམ་པ་	རྣམ་པ་	NOUN
ར་	ལ་	PART
གཡེངས་བ་	གཡེངས་བ་	VERB
དང་	དང་	NO_POS
བཅའ་	བཅའ་	VERB
སོ་	གོ་	PART
། །		PUNCT
སེམས་	སེམས་	NOUN
དང་	དང་	NO_POS
མི་	མི་	PART
ལྡན་	ལྡན་	VERB
འདུ་བྱེད་	འདུ་བྱེད་	NOUN
ནི་	ནི་	NO_POS
། །		PUNCT
ཐོབ་	ཐོབ་	VERB
དང་	དང་	NO_POS
མ་	མ་	PART
ཐོབ་སྐལ་	ཐོབ་སྐལ་	NO_POS
མཉམ་	མཉམ་	VERB
དང་	དང་	NO_POS
། །		PUNCT
འདུ་ཤེས་	འདུ་ཤེས་	NOUN
མེད་	མེད་	VERB
སྙོམས་འཇུག་པ་	སྙོམས་འཇུག་པ་	NO_POS
དག་	དག་	DET
།		PUNCT
སྲོག་	སྲོག་	NOUN
དང་	དང་	NO_POS
མཚན་ཉིད་	མཚན་ཉིད་	NOUN
རྣམས་	རྣམས་	DET
དང་	དང་	NO_POS
ནི་	ནི་	NO_POS
། །		PUNCT
མིང་	མིང་	NOUN
གི་	གི་	PART
ཚོགས་	ཚོགས་	NOUN
ལ་སོགས་པ་	ལ་སོགས་པ་	NO_POS
ཡང་	ཀྱང་	PART
། །		PUNCT
འདུས་མ་བྱས་	འདུས་མ་བྱས་	NO_POS
ནི་	ནི་	NO_POS
ནམ་མཁའ་	ནམ་མཁའ་	NOUN
དང་	དང་	NO_POS
། །		PUNCT
སོ་སོ་	སོ་སོ་	PRON
ར་	ལ་	PART
བརྟགས་འགོག་	བརྟགས་འགོག་	NO_POS
བརྟགས་	བརྟགས་	VERB
མིན་	མིན་	AUX
འགོག་	འགོག་	NO_POS
།		PUNCT
བདེན་པ་	བདེན་པ་	VERB
གཉིས་	གཉིས་	NUM
ཀྱི་	གི་	PART
རྣམ་	རྣམ་	NOUN
བཞག་	བཞག་	VERB
ནི་	ནི་	NO_POS
། །		PUNCT
གང་	གང་	NO_POS
ལ་	ལ་	PART
བཅོམ་	བཅོམ་	VERB
དང་	དང་	NO_POS
བློ་	བློ་	NOUN
ཡི་	གི་	PART
གཞན་	གཞན་	DET
"།

།"		PUNCT
བསལ་	བསལ་	VERB
ན་	ལ་	PART
དེ་	སྟེ་	PART
བློ་	བློ་	NOUN
མི་	མི་	PART
འཇུག་པ་	འཇུག་པ་	VERB
། །		PUNCT
བུམ་ཆུ་	བུམ་ཆུ་	NOUN
བཞིན་	བཞིན་	NOUN
དུ་	ལ་	PART
ཀུན་རྫོབ་	ཀུན་རྫོབ་	NOUN
དུ་	ལ་	PART
། །		PUNCT
ཡོད་	ཡོད་	VERB
དེ་དོན་	དེ་དོན་	PRON
དམ་	གམ་	PART
ཡོད་	ཡོད་	VERB
གཞན་	གཞན་	DET
ནོ་	གོ་	PART
། །		PUNCT
དེ་ལྟ་	དེ་ལྟ་	NO_POS
ཤེས་བྱ་	ཤེས་བྱ་	VERB
འི་	གི་	PART
གཞི་ལྔ་པོ་	གཞི་ལྔ་པོ་	NO_POS
། །		PUNCT
རྫ་	རྫ་	NOUN
གྲུབ་	གྲུབ་	VERB
བདེན་པ་	བདེན་པ་	VERB
འི་	གི་	PART
དངོས་པོ་	དངོས་པོ་	NOUN
ར་	ལ་	PART
འདོད་	འདོད་	VERB
། །		PUNCT
འདུས་མ་བྱས་	འདུས་མ་བྱས་	NO_POS
གསུམ་	གསུམ་	NUM
རྟག་	རྟག་	VERB
རྫ་	རྫ་	NOUN
དང་	དང་	NO_POS
། །		PUNCT
འདུས་བྱས་	འདུས་བྱས་	NOUN
ཐམས་ཅད་	ཐམས་ཅད་	DET
དུས་གསུམ་	དུས་གསུམ་	OTHER
གྱིས་	གིས་	PART
། །		PUNCT
བསྡུ་	བསྡུ་	VERB
ཤིང་	ཅིང་	PART
དུས་གསུམ་	དུས་གསུམ་	OTHER
རྫ་	རྫ་	NOUN
གྲུབ་	གྲུབ་	VERB
འདོད་	འདོད་	VERB
། །		PUNCT
དེ་ནས་	དེ་ནས་	NO_POS
ལམ་	གམ་	PART
གྱི་	གི་	PART
སྐྱེ་	སྐྱེ་	NOUN
ཚུལ་	ཚུལ་	NOUN
ནི་	ནི་	NO_POS
། །		PUNCT
མ་	མ་	PART
ཆགས་	ཆགས་	VERB
འཕགས་རིགས་	འཕགས་རིགས་	NO_POS
དེ་དག་	དེ་དག་	OTHER
ལ་	ལ་	ADP
ས་	གིས་	PART
། །		PUNCT
གསུམ་	གསུམ་	NUM
ནི་	ནི་	NO_POS
ཆོག་ཤེས་	ཆོག་ཤེས་	OTHER
བདག་ཉིད་	བདག་ཉིད་	NOUN
དོ་	གོ་	PART
། །		PUNCT
ཚུལ་	ཚུལ་	NOUN
གནས་	གནས་	NOUN
ཐོ་	ཐོ་	VERB
དང་	དང་	NO_POS
བསམ་གཏན་པ་	བསམ་གཏན་པ་	NOUN
ས་	གིས་	PART
། །		PUNCT
བསྒོམ་པ་	བསྒོམ་པ་	VERB
ལ་	ལ་	PART
ནི་	ནི་	NO_POS
རབ་ཏུ་	རབ་ཏུ་	NO_POS
སྦྱོར་	སྦྱོར་	VERB
། །		PUNCT
བསྒོམ་	བསྒོམ་	VERB
ཚུལ་	ཚུལ་	NOUN
ཞི་གནས་	ཞི་གནས་	NOUN
ལྷག་མཐོང་	ལྷག་མཐོང་	NOUN
ངོ་	གོ་	PART
། །		PUNCT
ཚོགས་ལམ་	ཚོགས་ལམ་	NOUN
ཆུང་	ཆུང་	VERB
འབྲིང་	འབྲིང་	NOUN
ཆེ་	ཆེ་	VERB
གསུམ་པོ་	གསུམ་པོ་	NUM
། །		PUNCT
རིམ་པ་	རིམ་པ་	NOUN
ར་	ལ་	PART
དྲན་པ་	དྲན་པ་	VERB
ཉེ་	ཉེ་	NUM
བཞག་	བཞག་	VERB
བཞི་	བཞི་	NUM
། །		PUNCT
ཡང་དག་	ཡང་དག་	ADJ
སྤོང་	སྤོང་	VERB
བཞི་	བཞི་	NUM
རྫུ་འཕྲུལ་	རྫུ་འཕྲུལ་	NOUN
གྱི་	གི་	PART
། །		PUNCT
རྐང་པ་	རྐང་པ་	NOUN
བཞི་པོ་	བཞི་པོ་	NUM
བསྒོམ་པ་	བསྒོམ་པ་	VERB
འོ་	གོ་	PART
། །		PUNCT
སྦྱོར་ལམ་	སྦྱོར་ལམ་	NOUN
དྲོད་	དྲོད་	NOUN
རྩེ་		
དབང་པོ་	དབང་པོ་	NOUN
ལྔ་	ལྔ་	NUM
། །		PUNCT
བཟོད་	བཟོད་	VERB
ཆོ་	ཆོ་	NOUN
གཉིས་	གཉིས་	NUM
སུ་	ལ་	PART
སྟོབས་	སྟོབས་	NOUN
ལྔ་	ལྔ་	NUM
བསྒོམ་	བསྒོམ་	VERB
། །		PUNCT
མཐོང་	མཐོང་	VERB
བསྒོམ་	བསྒོམ་	VERB
བྱང་ཆུབ་	བྱང་ཆུབ་	NOUN
ཡན་ལག་	ཡན་ལག་	NOUN
བདུན་	བདུན་	NUM
། །		PUNCT
འཕགས་ལམ་	འཕགས་ལམ་	OTHER
ཡན་ལག་	ཡན་ལག་	NOUN
བརྒྱད་	བརྒྱད་	NUM
བཅའ་	བཅའ་	VERB
སོ་	གོ་	PART
། །		PUNCT
མཐོང་ལམ་	མཐོང་ལམ་	NOUN
སྐད་ཅིག་མ་	སྐད་ཅིག་མ་	ADJ
བཅུ་དྲུག་	བཅུ་དྲུག་	NO_POS
།		PUNCT
བསྒོམ་པ་	བསྒོམ་པ་	VERB
འི་	གི་	PART
ལམ་	གམ་	PART
ལ་	ལ་	PART
རྣམས་	རྣམས་	DET
གཉིས་	གཉིས་	NUM
ཏེ་	སྟེ་	PART
། །		PUNCT
མི་	མི་	PART
སློབ་	སློབ་	VERB
ཡན་ལག་	ཡན་ལག་	NOUN
བཅུ་	བཅུ་	NUM
ལྡན་	ལྡན་	VERB
ནོ་	གོ་	PART
། །		PUNCT
ཉན་ཐོས་	ཉན་ཐོས་	NOUN
བརྩོན་	བརྩོན་	VERB
མྱུར་	མྱུར་	VERB
ཚེ་	ཚེ་	NOUN
གསུམ་	གསུམ་	NUM
སྟེ་	སྟེ་	PART
། །		PUNCT
བུལ་བ་	བུལ་བ་	VERB
ལ་	ལ་	PART
ནི་	ནི་	NO_POS
ངེས་པ་	ངེས་པ་	VERB
མེད་	མེད་	VERB
། །		PUNCT
རང་རྒྱལ་	རང་རྒྱལ་	NOUN
བསེ་རུ་	བསེ་རུ་	NOUN
བསྐལ་པ་	བསྐལ་པ་	NOUN
བརྒྱ་	བརྒྱ་	NUM
། །		PUNCT
དབང་རྣོན་	དབང་རྣོན་	NO_POS
ཡིན་	ཡིན་	NO_POS
ནོ་	གོ་	PART
འབྲིང་	འབྲིང་	NOUN
རྟུལ་	རྟུལ་	VERB
གཉིས་	གཉིས་	NUM
། །		PUNCT
ཚོགས་	ཚོགས་	NOUN
ན་	ལ་	PART
སྤྱོད་པ་	སྤྱོད་པ་	VERB
ཉིད་	ཉིད་	DET
དུ་	ལ་	PART
བཞེད་	བཞེད་	VERB
། །		PUNCT
སངས་རྒྱས་	སངས་རྒྱས་	NOUN
བསྐལ་པ་	བསྐལ་པ་	NOUN
གྲངས་མེད་	གྲངས་མེད་	NOUN
གསུམ་	གསུམ་	NUM
། །		PUNCT
ཉན་ཐོས་	ཉན་ཐོས་	NOUN
ལ་	ལ་	ADP
འང་	ཀྱང་	PART
སྐྱེ་	སྐྱེ་	VERB
འཕགས་	འཕགས་	VERB
གཉིས་	གཉིས་	NUM
། །		PUNCT
སྔ་མ་	སྔ་མ་	ADJ
དད་	དད་	VERB
དང་	དང་	NO_POS
ཆོས་རྗེ་	ཆོས་རྗེ་	NOUN
ས་	གིས་	PART
འབྲང་	འབྲང་	VERB
། །		PUNCT
འཕགས་པ་	འཕགས་པ་	VERB
ཞུགས་	ཞུགས་	VERB
གནས་	གནས་	NOUN
བརྒྱད་	བརྒྱད་	NUM
ཡིན་	ཡིན་	NO_POS
ནོ་	གོ་	PART
། །		PUNCT
ཤེས་པ་	ཤེས་པ་	VERB
གསུམ་	གསུམ་	NUM
དང་	དང་	NO_POS
བཅུ་		
དབྱེ་	དབྱེ་	VERB
འོ་	གོ་	PART
། །		PUNCT
ལྡན་	ལྡན་	VERB
ཚུལ་	ཚུལ་	NOUN
མཐོང་	མཐོང་	VERB
སྒོམ་	སྒོམ་	VERB
གཉིས་	གཉིས་	NUM
ལ་	ལ་	PART
བདུན་	བདུན་	NUM
། །		PUNCT
དགྲ་བཅོམ་པ་	དགྲ་བཅོམ་པ་	NOUN
ལ་	ལ་	PART
བཅུ་	བཅུ་	NUM
རུ་	ལ་	PART
བཤད་	བཤད་	VERB
། །		PUNCT
སངས་རྒྱས་	སངས་རྒྱས་	NOUN
ཡོན་ཏན་	ཡོན་ཏན་	NOUN
ཐུན་	ཐུན་	NOUN
མིན་	མིན་	AUX
དང་	དང་	NO_POS
། །		PUNCT
གཞན་	གཞན་	DET
དང་	དང་	NO_POS
ཐུན་མོང་	ཐུན་མོང་	ADJ
གྱུར་པ་	གྱུར་པ་	VERB
འོ་	གོ་	PART
། །		PUNCT
དང་པོ་	དང་པོ་	ADJ
མ་	མ་	PART
འདྲེས་པ་	འདྲེས་པ་	VERB
བཅོ་བརྒྱད་	བཅོ་བརྒྱད་	NO_POS
། །		PUNCT
མཉམ་	མཉམ་	VERB
དང་	དང་	NO_POS
མི་	མི་	PART
མཉམ་	མཉམ་	VERB
ཕུན་ཚོགས་	ཕུན་ཚོགས་	ADJ
སོ་	གོ་	PART
། །		PUNCT
གཉིས་པ་	གཉིས་པ་	NUM
ཐུན་མོང་	ཐུན་མོང་	ADJ
གྱུར་པ་	གྱུར་པ་	VERB
ནི་	ནི་	NO_POS
།		PUNCT
ཉོན་མོངས་	ཉོན་མོངས་	NOUN
མེད་	མེད་	VERB
དང་	དང་	NO_POS
སྨོན་	སྨོན་	VERB
གནས་	གནས་	NOUN
ཤེ་	ཤེ་	VERB
། །		PUNCT
ཡང་དག་	ཡང་དག་	ADJ
རིག་	རིག་	VERB
བཞི་	བཞི་	NUM
མངོན་ཤེས་པ་	མངོན་ཤེས་པ་	NOUN
། །		PUNCT
ཉན་ཐོས་པ་	ཉན་ཐོས་པ་	NOUN
དང་	དང་	NO_POS
ཐུན་མོང་	ཐུན་མོང་	ADJ
ངོ་	གོ་	PART
། །		PUNCT
མངོན་ཤེས་	མངོན་ཤེས་	NOUN
བསམ་	བསམ་	NOUN
གཟུགས་	གཟུགས་	NOUN
ཚད་	ཚད་	NOUN
མེད་	མེད་	VERB
དང་	དང་	NO_POS
། །		PUNCT
རྣམ་ཐར་	རྣམ་ཐར་	NOUN
ཟིལ་གནོན་	ཟིལ་གནོན་	NOUN
ཟད་པ་		
རྣམས་	རྣམས་	DET
། །		PUNCT
འཇིག་རྟེན་པ་	འཇིག་རྟེན་པ་	NOUN
དང་	དང་	NO_POS
ཐུན་མོང་	ཐུན་མོང་	ADJ
ངོ་	གོ་	PART
། །		PUNCT
བྱེ་	བྱེ་	NOUN
སྨྲ་	སྨྲ་	VERB
འི་	གི་	PART
གྲུབ་མཐའ་	གྲུབ་མཐའ་	NOUN
ཞིབ་པ་	ཞིབ་པ་	NOUN
ར་	ལ་	PART
ནི་	ནི་	NO_POS
"།

།"		PUNCT
ཆོ་	ཆོ་	NOUN
མངོན་	མངོན་	VERB
མཛོད་	མཛོད་	NOUN
ཀྱི་	གི་	PART
གཞུང་ལས་	གཞུང་ལས་	NO_POS
ཤེ་	ཤེ་	VERB
། །		PUNCT
བྱེ་བྲག་	བྱེ་བྲག་	NOUN
དུ་	ལ་	PART
སྨྲ་བ་	སྨྲ་བ་	VERB
འི་	གི་	PART
སྐབས་	སྐབས་	NOUN
ཀྱི་	གི་	PART
སྡོམ་	སྡོམ་	NOUN
སྟེ་	སྟེ་	PART
དང་པོ་	དང་པོ་	ADJ
འོ་	གོ་	PART
། །		PUNCT
མདོ་སྡེ་པ་	མདོ་སྡེ་པ་	NOUN
ཡི་	གི་	PART
གྲུབ་མཐའ་	གྲུབ་མཐའ་	NOUN
ནི་	ནི་	NO_POS
། །		PUNCT
ལུང་	ལུང་	NOUN
དང་	དང་	NO_POS
རིགས་པ་	རིགས་པ་	VERB
འི་	གི་	PART
རྗེས་	རྗེས་	NOUN
འབྲང་	འབྲང་	VERB
ངོ་	གོ་	PART
། །		PUNCT
བྱེ་	བྱེ་	NOUN
སྨྲ་	སྨྲ་	VERB
དགག་	དགག་	VERB
དང་	དང་	NO_POS
རང་ལུགས་	རང་ལུགས་	NOUN
བརྗོད་	བརྗོད་	VERB
། །		PUNCT
བྱེ་	བྱེ་	NOUN
སྨྲ་	སྨྲ་	VERB
ས་	གིས་	PART
བསྟན་བཅོས་	བསྟན་བཅོས་	NOUN
གཙོ་	གཙོ་	NOUN
ར་	ལ་	PART
བྱེད་པ་	བྱེད་པ་	VERB
། །		PUNCT
མི་རིགས་	མི་རིགས་	NOUN
ཕྱི་	ཕྱི་	OTHER
ཏེ་	སྟེ་	PART
སངས་རྒྱས་	སངས་རྒྱས་	NOUN
ལ་	ལ་	PART
། །		PUNCT
མ་	མ་	PART
གུ་	གུ་	VERB
ཕྱི་	ཕྱི་	OTHER
དང་	དང་	NO_POS
བསྟན་བཅོས་	བསྟན་བཅོས་	NOUN
ཉིད་	ཉིད་	DET
། །		PUNCT
བཀའ་	བཀའ་	NOUN
ལ་	ལ་	PART
བརྟན་པ་	བརྟན་པ་	VERB
ས་	གིས་	PART
དེ་	སྟེ་	PART
མེད་	མེད་	VERB
འགྱུར་	འགྱུར་	VERB
། །		PUNCT
བཀའ་	བཀའ་	NOUN
ནི་	ནི་	NO_POS
མཐའ་	མཐའ་	NOUN
དྲུག་	དྲུག་	NUM
བདག་ཉིད་	བདག་ཉིད་	NOUN
དོ་	གོ་	PART
། །		PUNCT
རྣམ་པ་	རྣམ་པ་	NOUN
ར་	ལ་	PART
རིག་བྱེད་	རིག་བྱེད་	PROPN
མིན་	མིན་	AUX
གཟུགས་	གཟུགས་	NOUN
དང་	དང་	NO_POS
། །		PUNCT
མི་	མི་	PART
ལྡན་	ལྡན་	VERB
འདུ་བྱེད་	འདུ་བྱེད་	NOUN
འདུས་མ་བྱས་	འདུས་མ་བྱས་	NO_POS
། །		PUNCT
རྫ་	རྫ་	NOUN
སུ་	ལ་	PART
ཡོད་	ཡོད་	VERB
ན་	ལ་	PART
གཞོམ་	གཞོམ་	NO_POS
རུང་	རུང་	SCONJ
འགྱུར་	འགྱུར་	VERB
། །		PUNCT
རྡུལ་ཕྲན་	རྡུལ་ཕྲན་	NOUN
མ་	མ་	PART
བསགས་	བསགས་	VERB
བེམ་	བེམ་	NO_POS
སྲིད་	སྲིད་	NOUN
སྐྱོན་	སྐྱོན་	NOUN
། །		PUNCT
དུས་གསུམ་	དུས་གསུམ་	OTHER
རྫ་	རྫ་	NOUN
སུ་	ལ་	PART
ཡོད་	ཡོད་	VERB
གྱུར་	གྱུར་	VERB
ན་	ལ་	PART
། །		PUNCT
འདའ་	འདའ་	VERB
དང་	དང་	NO_POS
མ་འོངས་	མ་འོངས་	NOUN
ད་ལྟ་		
འགྱུར་	འགྱུར་	VERB
། །		PUNCT
ཤེས་པ་	ཤེས་པ་	VERB
རྣམ་	རྣམ་	NOUN
མེད་	མེད་	VERB
དོན་	དོན་	NOUN
འཛིན་	འཛིན་	VERB
ན་	ལ་	PART
། །		PUNCT
སྔོ་	སྔོ་	VERB
སོགས་	སོགས་	DET
དབྱེ་བ་	དབྱེ་བ་	VERB
རྟོགས་	རྟོགས་	VERB
མི་	མི་	PART
ནུས་	ནུས་	VERB
། །		PUNCT
རང་རིག་	རང་རིག་	NO_POS
མེད་	མེད་	VERB
ན་	ལ་	PART
དྲན་པ་	དྲན་པ་	VERB
ལ་	ལ་	ADP
ས་	གིས་	PART
། །		PUNCT
བདག་	བདག་	PRON
རིག་	རིག་	VERB
གྲུབ་པ་	གྲུབ་པ་	VERB
ར་	ལ་	PART
བཤད་པ་	བཤད་པ་	VERB
ས་	གིས་	PART
གནོད་	གནོད་	VERB
། །		PUNCT
རང་ལུགས་	རང་ལུགས་	NOUN
མདོ་	མདོ་	NOUN
བཞིན་	བཞིན་	NOUN
འཆད་པ་	འཆད་པ་	VERB
ལ་	ལ་	PART
། །		PUNCT
མདོ་	མདོ་	NOUN
དེ་	སྟེ་	PART
དབྱངས་	དབྱངས་	NOUN
བསྙད་	བསྙད་	VERB
ལུང་བསྟན་	ལུང་བསྟན་	NOUN
དང་	དང་	NO_POS
། །		PUNCT
ཚིགས་བཅད་	ཚིགས་བཅད་	NOUN
ཆེ་བརྗོད་	ཆེ་བརྗོད་	NOUN
གླེང་	གླེང་	NO_POS
གཞི་	གཞི་	NOUN
དང་	དང་	NO_POS
། །		PUNCT
རྟོགས་བརྗོད་	རྟོགས་བརྗོད་	NOUN
དེ་ལྟ་	དེ་ལྟ་	NO_POS
བུ་	བུ་	NOUN
འབྱུང་	འབྱུང་	VERB
དང་	དང་	NO_POS
། །		PUNCT
སྐྱེས་རབས་	སྐྱེས་རབས་	NOUN
ཤིན་ཏུ་	ཤིན་ཏུ་	NO_POS
རྒྱས་པ་	རྒྱས་པ་	VERB
དང་	དང་	NO_POS
། །		PUNCT
རྨད་བྱུང་	རྨད་བྱུང་	NOUN
གཏན་	གཏན་	NOUN
ལ་	ལ་	PART
ཕབ་པ་	ཕབ་པ་	VERB
འི་	གི་	PART
སྡེ་	སྡེ་	NOUN
། །		PUNCT
གསུང་རབ་	གསུང་རབ་	NOUN
ཡན་ལག་	ཡན་ལག་	NOUN
བཅུ་གཉིས་	བཅུ་གཉིས་	NO_POS
སོ་	གོ་	PART
། །		PUNCT
རྣམ་པ་	རྣམ་པ་	NOUN
རིག་བྱེད་	རིག་བྱེད་	PROPN
མིན་	མིན་	AUX
གཟུགས་	གཟུགས་	NOUN
དང་	དང་	NO_POS
། །		PUNCT
མི་	མི་	PART
ལྡན་	ལྡན་	VERB
འདུ་བྱེད་	འདུ་བྱེད་	NOUN
འདུས་མ་བྱས་	འདུས་མ་བྱས་	NO_POS
། །		PUNCT
རྫ་	རྫ་	NOUN
སུ་	ལ་	PART
གྲུབ་པ་	གྲུབ་པ་	VERB
ར་	ལ་	PART
མི་	མི་	PART
འདོད་	འདོད་	VERB
ཅིང་	ཅིང་	PART
། །		PUNCT
གཟུགས་	གཟུགས་	NOUN
སེམས་	སེམས་	NOUN
སེམས་ལས་	སེམས་ལས་	NOUN
བྱུང་བ་	བྱུང་བ་	VERB
གསུམ་	གསུམ་	NUM
། །		PUNCT
འདི་	འདི་	DET
ར་	ལ་	PART
ཡང་	ཀྱང་	PART
རྫ་	རྫ་	NOUN
གྲུབ་	གྲུབ་	VERB
ཉིད་	ཉིད་	DET
དུ་	ལ་	PART
འདོད་	འདོད་	VERB
། །		PUNCT
འདའ་	འདའ་	VERB
དང་	དང་	NO_POS
མ་འོངས་	མ་འོངས་	NOUN
རྫ་	རྫ་	NOUN
གྲུབ་	གྲུབ་	VERB
མིན་	མིན་	AUX
། །		PUNCT
ད་ལྟ་	ད་ལྟ་	OTHER
རྫ་	རྫ་	NOUN
སུ་	ལ་	PART
གྲུབ་པ་	གྲུབ་པ་	VERB
ར་	ལ་	PART
འདོད་	འདོད་	VERB
། །		PUNCT
རྡུལ་ཕྲན་	རྡུལ་ཕྲན་	NOUN
རྣམས་	རྣམས་	DET
ནི་	ནི་	NO_POS
དོན་དམ་	དོན་དམ་	NOUN
དང་	དང་	NO_POS
། །		PUNCT
དེ་	དེ་	DET
ས་	གིས་	PART
བརྩམས་	བརྩམས་	VERB
རགས་པ་	རགས་པ་	VERB
ཀུན་རྫོབ་	ཀུན་རྫོབ་	NOUN
སྟེ་	སྟེ་	PART
། །		PUNCT
རྡུལ་ཕྲན་	རྡུལ་ཕྲན་	NOUN
མ་	མ་	PART
རེག་	རེག་	VERB
བ་	བ་	NOUN
མེད་པ་	མེད་པ་	VERB
ས་	གིས་	PART
། །		PUNCT
རགས་པ་	རགས་པ་	VERB
ཉིད་	ཉིད་	DET
དུ་	ལ་	PART
འདུ་ཤེས་	འདུ་ཤེས་	NOUN
སོ་	གོ་	PART
། །		PUNCT
ཤེས་པ་	ཤེས་པ་	VERB
ཡུལ་	ཡུལ་	NOUN
གྱི་	གི་	PART
རྣམ་	རྣམ་	NOUN
བཅའ་	བཅའ་	VERB
འདོད་	འདོད་	VERB
། །		PUNCT
གཟུང་འཛིན་	གཟུང་འཛིན་	NOUN
སྔ་ཕྱི་	སྔ་ཕྱི་	ADJ
ཐ་དད་	ཐ་དད་	ADJ
ཅིང་	ཅིང་	PART
། །		PUNCT
རང་	རང་	PRON
འཛིན་	འཛིན་	VERB
ཉིད་	ཉིད་	DET
ལ་	ལ་	PART
རང་	རང་	PRON
འདྲ་བ་	འདྲ་བ་	VERB
འི་	གི་	PART
། །		PUNCT
རྣམ་པ་	རྣམ་པ་	NOUN
གཏོད་	གཏོད་	VERB
བྱེད་	བྱེད་	VERB
ལྐོག་	ལྐོག་	NOUN
ན་མོ་	ན་མོ་	X
འོ་	གོ་	PART
། །		PUNCT
མི་	མི་	PART
ལྡན་	ལྡན་	VERB
འདུ་བྱེད་	འདུ་བྱེད་	NOUN
གཟུགས་	གཟུགས་	NOUN
སེམས་	སེམས་	NOUN
དང་	དང་	NO_POS
། །		PUNCT
སེམས་བྱུང་	སེམས་བྱུང་	NOUN
གནས་སྐབས་	གནས་སྐབས་	NOUN
བརྟགས་པ་	བརྟགས་པ་	VERB
ར་	ལ་	PART
འདོད་	འདོད་	VERB
། །		PUNCT
འདུས་བྱས་	འདུས་བྱས་	NOUN
གཞི་	གཞི་	NOUN
ནི་	ནི་	NO_POS
མེད་པ་	མེད་པ་	VERB
དང་	དང་	NO_POS
། །		PUNCT
མྱང་འདས་	མྱང་འདས་	NOUN
དངོས་པོ་	དངོས་པོ་	NOUN
མེད་པ་	མེད་པ་	VERB
ར་	ལ་	PART
འདོད་	འདོད་	VERB
། །		PUNCT
ལམ་	གམ་	PART
དང་	དང་	NO_POS
གང་ཟག་	གང་ཟག་	NOUN
བྱེ་	བྱེ་	NOUN
སྨྲ་	སྨྲ་	VERB
དང་	དང་	NO_POS
། །		PUNCT
ཕལ་ཆེ་		
འདྲ་	འདྲ་	VERB
ཞིང་	ཅིང་	PART
བྱང་སེམས་	བྱང་སེམས་	NOUN
ལ་	ལ་	PART
"།

།"		PUNCT
ས་བཅུ་	ས་བཅུ་	NO_POS
དང་	དང་	NO_POS
ནི་	ནི་	NO_POS
སངས་རྒྱས་	སངས་རྒྱས་	NOUN
ལ་	ལ་	PART
། །		PUNCT
སྐུ་གསུམ་	སྐུ་གསུམ་	OTHER
ལ་སོགས་	ལ་སོགས་	NO_POS
འདོད་པ་	འདོད་པ་	VERB
འོ་	གོ་	PART
། །		PUNCT
དེ་དག་	དེ་དག་	OTHER
སྟོན་	སྟོན་	VERB
བྱེད་	བྱེད་	VERB
མདོ་	མདོ་	NOUN
འཆད་	འཆད་	VERB
ཚུལ་	ཚུལ་	NOUN
། །		PUNCT
མདོ་དོན་	མདོ་དོན་	NOUN
སྨྲ་བ་	སྨྲ་བ་	VERB
རྣམས་	རྣམས་	DET
ཀྱིས་	གིས་	PART
ནི་	ནི་	NO_POS
། །		PUNCT
དགོངས་པ་	དགོངས་པ་	VERB
བསྡུས་པ་	བསྡུས་པ་	VERB
འི་	གི་	PART
དོན་	དོན་	NOUN
བཅའ་	བཅའ་	VERB
དང་	དང་	NO_POS
། །		PUNCT
ཚིག་དོན་	ཚིག་དོན་	NOUN
བཅའ་	བཅའ་	VERB
དང་	དང་	NO_POS
མཚམས་	མཚམས་	NOUN
སྦྱོར་	སྦྱོར་	VERB
བཅའ་	བཅའ་	VERB
། །		PUNCT
བརྒལ་ལན་	བརྒལ་ལན་	NOUN
བཅས་པ་	བཅས་པ་	VERB
ས་	གིས་	PART
བསྙད་པ་	བསྙད་པ་	VERB
ར་	ལ་	PART
བྱ་	བྱ་	VERB
། །		PUNCT
འདི་	འདི་	DET
ཡི་	གི་	PART
གྲུབ་མཐའ་	གྲུབ་མཐའ་	NOUN
ཞིབ་པ་	ཞིབ་པ་	NOUN
ར་	ལ་	PART
ནི་	ནི་	NO_POS
། །		PUNCT
མངོན་པ་	མངོན་པ་	VERB
ཀུན་	ཀུན་	DET
ལ་	ལ་	ADP
ས་	གིས་	PART
བཏུས་པ་	བཏུས་པ་	VERB
དང་	དང་	NO_POS
། །		PUNCT
དབྱིག་གཉེན་	དབྱིག་གཉེན་	PROPN
མཛོད་	མཛོད་	NOUN
ཡི་	གི་	PART
རང་འགྲེལ་	རང་འགྲེལ་	NOUN
དང་	དང་	NO_POS
། །		PUNCT
ཚད་མ་	ཚད་མ་	NOUN
རྣམ་འགྲེལ་	རྣམ་འགྲེལ་	PROPN
སོགས་	སོགས་	DET
ལ་	ལ་	ADP
ས་	གིས་	PART
ཤེ་	ཤེ་	VERB
། །		PUNCT
མདོ་སྡེ་པ་	མདོ་སྡེ་པ་	NOUN
འི་	གི་	PART
སྐབས་	སྐབས་	NOUN
སྡོམ་	སྡོམ་	NOUN
སྟེ་	སྟེ་	PART
གཉིས་པ་	གཉིས་པ་	NUM
འོ་	གོ་	PART
།། ༈ །		PUNCT
རྣལ་འབྱོར་	རྣལ་འབྱོར་	NOUN
སྤྱོད་པ་	སྤྱོད་པ་	VERB
འི་	གི་	PART
གྲུབ་མཐའ་	གྲུབ་མཐའ་	NOUN
ནི་	ནི་	NO_POS
། །		PUNCT
ཕྱི་རོལ་	ཕྱི་རོལ་	NOUN
སྣང་བ་	སྣང་བ་	VERB
ཡོངས་	ཡོངས་	DET
མེད་	མེད་	VERB
དེ་	སྟེ་	PART
། །		PUNCT
སེམས་	སེམས་	NOUN
ནི་	ནི་	NO_POS
སྣ་ཚོགས་	སྣ་ཚོགས་	DET
རྣམས་	རྣམས་	DET
སུ་	ལ་	PART
སྣང་	སྣང་	VERB
། །		PUNCT
ལུས་	ལུས་	NOUN
དང་	དང་	NO_POS
ལོངས་སྤྱོད་	ལོངས་སྤྱོད་	NOUN
གནས་	གནས་	NOUN
འདྲ་བ་	འདྲ་བ་	VERB
། །		PUNCT
སེམས་	སེམས་	NOUN
ཙམ་	ཙམ་	DET
དུ་	ལ་	PART
ནི་	ནི་	NO_POS
ང་	ང་	OTHER
བསྟན་	བསྟན་	VERB
གསུངས་	གསུངས་	VERB
། །		PUNCT
དབྱེ་བ་	དབྱེ་བ་	VERB
རྣམ་	རྣམ་	NOUN
བདེན་	བདེན་	VERB
རྣམ་	རྣམ་	NOUN
བརྫུན་	བརྫུན་	NOUN
ནོ་	གོ་	PART
། །		PUNCT
འདི་	འདི་	DET
དོན་	དོན་	NOUN
འཆད་	འཆད་	VERB
ལ་	ལ་	PART
མདོ་སྡེ་པ་	མདོ་སྡེ་པ་	NOUN
འི་	གི་	PART
། །		PUNCT
ལོག་	ལོག་	VERB
རྟོགས་	རྟོགས་	VERB
དགག་	དགག་	VERB
དང་	དང་	NO_POS
རང་ལུགས་	རང་ལུགས་	NOUN
བཞག་	བཞག་	VERB
།		PUNCT
དང་པོ་	དང་པོ་	ADJ
ཐེག་ཆེན་	ཐེག་ཆེན་	NOUN
བཀ་	བཀའ་	NOUN
ར་	ལ་	PART
སྒྲུབ་	སྒྲུབ་	VERB
ནི་	ནི་	NO_POS
། །		PUNCT
སྔ་	སྔ་	NOUN
ལུང་	ལུང་	NOUN
མ་	མ་	PART
བསྟན་	བསྟན་	VERB
ལྷན་ཅིག་	ལྷན་ཅིག་	OTHER
འབྱུང་	འབྱུང་	VERB
། །		PUNCT
སྤྱོད་ཡུལ་	སྤྱོད་ཡུལ་	NOUN
མ་	མ་	PART
ཡིན་	ཡིན་	NO_POS
གྲུབ་པ་	གྲུབ་པ་	VERB
དང་	དང་	NO_POS
། །		PUNCT
ཡོད་	ཡོད་	VERB
དང་	དང་	NO_POS
མེད་	མེད་	VERB
ན་	ལ་	PART
ཡོད་མེད་	ཡོད་མེད་	ADJ
དང་	དང་	NO_POS
། །		PUNCT
གཉེན་པོ་	གཉེན་པོ་	NOUN
དང་	དང་	NO_POS
ནི་སྒྲ་	ནི་སྒྲ་	NO_POS
གཞན་	གཞན་	DET
ཕྱི་	ཕྱི་	OTHER
།		PUNCT
ཐེག་ཆེན་	ཐེག་ཆེན་	NOUN
རྒྱལ་བ་	རྒྱལ་བ་	NOUN
འི་	གི་	PART
བཀ་	བཀའ་	NOUN
ར་	ལ་	PART
གྲུབ་པོ་	གྲུབ་པོ་	VERB
། །		PUNCT
ཕྲ་རབ་	ཕྲ་རབ་	NO_POS
རྡུལ་ཕྲན་	རྡུལ་ཕྲན་	NOUN
དོན་དམ་པ་	དོན་དམ་པ་	NOUN
ར་	ལ་	PART
། །		PUNCT
གྲུབ་པ་	གྲུབ་པ་	VERB
རིག་པ་	རིག་པ་	VERB
མ་	མ་	PART
ཡིན་	ཡིན་	NO_POS
ཏེ་	སྟེ་	PART
། །		PUNCT
དྲུག་	དྲུག་	NUM
གི་	གི་	PART
གཅིག་	གཅིག་	NUM
ཆ་	ཆ་	NOUN
ར་	ལ་	PART
སྦྱར་	སྦྱར་	VERB
སོགས་	སོགས་	DET
ཀྱི་	གི་	PART
། །		PUNCT
རིགས་པ་	རིགས་པ་	VERB
ས་	གིས་	PART
བརྟགས་	བརྟགས་	VERB
ན་	ལ་	PART
ཕྱི་དོན་	ཕྱི་དོན་	OTHER
གྱི་	གི་	PART
། །		PUNCT
རྡུལ་ཕྲན་	རྡུལ་ཕྲན་	NOUN
སྙེད་པ་	སྙེད་པ་	DET
མ་	མ་	PART
ཡིན་	ཡིན་	NO_POS
ཞིང་	ཅིང་	PART
། །		PUNCT
རྡུལ་ཕྲན་	རྡུལ་ཕྲན་	NOUN
མི་	མི་	PART
སྦྱོར་	སྦྱོར་	VERB
འདུས་པ་	འདུས་པ་	VERB
དག་	དག་	DET
།		PUNCT
སྦྱོར་	སྦྱོར་	VERB
རོ་	རོ་	NOUN
ཞེ་ན་	ཅེ་ན་	PART
སྦྱར་	སྦྱར་	VERB
རྒྱུ་	རྒྱུ་	NOUN
ཡི་	གི་	PART
། །		PUNCT
རྡུལ་ཕྲན་	རྡུལ་ཕྲན་	NOUN
མེད་	མེད་	VERB
ཕྱི་	ཕྱི་	OTHER
དེ་	སྟེ་	PART
འདུ་	འདུ་	VERB
ཅིང་	ཅིང་	PART
། །		PUNCT
བག་ཆགས་	བག་ཆགས་	NOUN
ཀྱིས་	གིས་	PART
ནི་	ནི་	NO_POS
དཀྲུགས་པ་	དཀྲུགས་པ་	NON_WORD
འི་	གི་	PART
སེམས་	སེམས་	NOUN
། །		PUNCT
དོན་	དོན་	NOUN
དུ་	ལ་	PART
སྣང་བ་	སྣང་བ་	VERB
རབ་ཏུ་	རབ་ཏུ་	NO_POS
འབྱུང་	འབྱུང་	VERB
། །		PUNCT
དོན་	དོན་	NOUN
དུ་ཡོད་	དུ་ཡོད་	NO_POS
མིན་	མིན་	AUX
སེམས་ཉིད་	སེམས་ཉིད་	NOUN
དེ་	སྟེ་	PART
། །		PUNCT
ཕྱི་རོལ་	ཕྱི་རོལ་	NOUN
དོན་	དོན་	NOUN
མཐོང་	མཐོང་	VERB
ལོག་པ་	ལོག་པ་	VERB
ཡིན་	ཡིན་	NO_POS
། །		PUNCT
གཟུགས་	གཟུགས་	NOUN
སོགས་	སོགས་	DET
སྐྱེ་མཆེད་	སྐྱེ་མཆེད་	NOUN
ཡོད་པ་	ཡོད་པ་	VERB
ར་	ལ་	PART
ནི་	ནི་	NO_POS
། །		PUNCT
དེ་	དེ་	DET
ས་	གིས་	PART
འདུལ་བ་	འདུལ་བ་	VERB
ཡི་	གི་	PART
སྐྱེ་བོ་	སྐྱེ་བོ་	NOUN
ལ་	ལ་	PART
། །		PUNCT
དགོས་པ་	དགོས་པ་	VERB
འི་	གི་	PART
དབང་	དབང་	NOUN
གི་	གི་	PART
གསུང་པ་	གསུང་པ་	VERB
སྟེ་	སྟེ་	PART
། །		PUNCT
བརྫུས་	བརྫུས་	NO_POS
ཏེ་	སྟེ་	PART
འབྱུང་བ་	འབྱུང་བ་	VERB
འི་	གི་	PART
སེམས་ཅན་	སེམས་ཅན་	NOUN
བཞིན་	བཞིན་	NOUN
། །		PUNCT
རང་	རང་	PRON
གིས་	གིས་	PART
ས་བོན་	ས་བོན་	NOUN
གང་	གང་	NO_POS
ལ་	ལ་	PART
སུ་	ལ་	PART
། །		PUNCT
རྣམ་རིག་	རྣམ་རིག་	OTHER
སྣང་བ་	སྣང་བ་	VERB
གང་	གང་	NO_POS
བྱུང་བ་	བྱུང་བ་	VERB
། །		PUNCT
དེ་	སྟེ་	PART
དང་	དང་	NO_POS
དེ་	སྟེ་	PART
ཡི་	གི་	PART
སྐྱེ་མཆེད་	སྐྱེ་མཆེད་	NOUN
ནི་	ནི་	NO_POS
། །		PUNCT
རྣམ་པ་	རྣམ་པ་	NOUN
གཉིས་	གཉིས་	NUM
སུ་	ལ་	PART
ཐུབ་པ་	ཐུབ་པ་	VERB
ས་	གིས་	PART
གསུངས་	གསུངས་	VERB
། །		PUNCT
མི་	མི་	PART
ལྡན་པ་	ལྡན་པ་	VERB
ཡི་	གི་	PART
འདུ་བྱེད་	འདུ་བྱེད་	NOUN
དག་	དག་	DET
།		PUNCT
བཏགས་པ་	བཏགས་པ་	VERB
ཙམ་	ཙམ་	DET
འདོད་	འདོད་	VERB
འདུས་མ་བྱས་	འདུས་མ་བྱས་	NO_POS
། །		PUNCT
མེད་པ་	མེད་པ་	VERB
ཁོ་ན་	ཁོ་ན་	DET
ར་	ལ་	PART
ཡང་	ཀྱང་	PART
མི་	མི་	PART
འདོད་	འདོད་	VERB
"།

།"		PUNCT
རིགས་	རིགས་	NOUN
རྒྱུ་	རྒྱུ་	NOUN
འི་	གི་	PART
གཟུགས་	གཟུགས་	NOUN
དོན་གཞན་	དོན་གཞན་	NO_POS
མེད་	མེད་	VERB
ཕྱི་	ཕྱི་	OTHER
། །		PUNCT
རང་རིག་	རང་རིག་	NO_POS
ཉིད་	ཉིད་	DET
འདོད་	འདོད་	VERB
གཞན་རིག་	གཞན་རིག་	NO_POS
མེད་	མེད་	VERB
། །		PUNCT
གྲུབ་པ་	གྲུབ་པ་	VERB
འི་	གི་	PART
མཐའ་	མཐའ་	NOUN
འདི་	འདི་	DET
འི་	གི་	PART
སྙིང་པོ་	སྙིང་པོ་	NOUN
འི་	གི་	PART
དོན་	དོན་	NOUN
། །		PUNCT
ཤེས་བྱ་	ཤེས་བྱ་	VERB
འི་	གི་	PART
གནས་	གནས་	NOUN
དང་	དང་	NO_POS
དེ་	དེ་	DET
འི་	གི་	PART
མཚན་ཉིད་	མཚན་ཉིད་	NOUN
། །		PUNCT
དེ་	དེ་	DET
ར་	ལ་	PART
འཇུག་	འཇུག་	VERB
དེ་	སྟེ་	PART
ཡི་	གི་	PART
རྒྱུ་འབྲས་	རྒྱུ་འབྲས་	NOUN
དང་	དང་	NO_POS
། །		PUNCT
དེ་	སྟེ་	PART
རབ་	རབ་	ADV
དབྱེ་	དབྱེ་	VERB
དང་	དང་	NO_POS
བསླབ་པ་	བསླབ་པ་	VERB
གསུམ་	གསུམ་	NUM
། །		PUNCT
དེ་	སྟེ་	PART
འབྲས་	འབྲས་	NOUN
སྤངས་	སྤངས་	VERB
དང་	དང་	NO_POS
ཡེ་ཤེས་	ཡེ་ཤེས་	NOUN
མཆོག་	མཆོག་	ADJ
།		PUNCT
རྣམ་པ་	རྣམ་པ་	NOUN
བརྒྱད་	བརྒྱད་	NUM
དུ་	ལ་	PART
བཞེད་པ་	བཞེད་པ་	VERB
ཡིན་	ཡིན་	NO_POS
། །		PUNCT
ཤེས་བྱ་	ཤེས་བྱ་	VERB
འི་	གི་	PART
གནས་	གནས་	NOUN
ནི་	ནི་	NO_POS
ཀུན་གཞི་	ཀུན་གཞི་	NOUN
སྟེ་	སྟེ་	PART
། །		PUNCT
དེ་ཉིད་	དེ་ཉིད་	NOUN
ཡོད་	ཡོད་	VERB
དང་	དང་	NO_POS
དེ་	དེ་	DET
འི་	གི་	PART
མཚན་ཉིད་	མཚན་ཉིད་	NOUN
། །		PUNCT
ལྡོག་	ལྡོག་	VERB
དུས་	དུས་	NOUN
དབང་ཕྱུག་	དབང་ཕྱུག་	NOUN
ལ་སོགས་	ལ་སོགས་	NO_POS
དང་	དང་	NO_POS
། །		PUNCT
མི་	མི་	PART
འདྲ་བ་	འདྲ་བ་	VERB
ཡི་	གི་	PART
ཁྱད་པར་	ཁྱད་པར་	NOUN
རོ་	རོ་	NOUN
། །		PUNCT
མཚན་ཉིད་	མཚན་ཉིད་	NOUN
གཞན་དབང་	གཞན་དབང་	NO_POS
ཀུན་བརྟགས་	ཀུན་བརྟགས་	NO_POS
དང་	དང་	NO_POS
། །		PUNCT
ཡོངས་སུ་	ཡོངས་སུ་	NO_POS
གྲུབ་པ་	གྲུབ་པ་	VERB
གསུམ་	གསུམ་	NUM
ཡིན་	ཡིན་	NO_POS
ལ་	ལ་	PART
། །		PUNCT
གཞན་	གཞན་	DET
གྱི་	གི་	PART
དབང་	དབང་	NOUN
གི་	གི་	PART
ངོ་བོ་	ངོ་བོ་	NOUN
ཉིད་	ཉིད་	DET
། །		PUNCT
རྣམ་རྟོག་	རྣམ་རྟོག་	NOUN
ཡིན་	ཡིན་	NO_POS
ཏེ་	སྟེ་	PART
རྐྱེན་	རྐྱེན་	NOUN
ལ་	ལ་	ADP
ས་	གིས་	PART
སྐྱེ་	སྐྱེ་	VERB
། །		PUNCT
རྣམ་པ་	རྣམ་པ་	NOUN
ར་	ལ་	PART
རྟོག་པ་	རྟོག་པ་	VERB
གང་	གང་	NO_POS
གང་	གང་	NO_POS
གིས་	གིས་	PART
། །		PUNCT
དངོས་པོ་	དངོས་པོ་	NOUN
གང་	གང་	NO_POS
གང་	གང་	NO_POS
རྣམ་	རྣམ་	NOUN
བཏགས་པ་	བཏགས་པ་	VERB
། །		PUNCT
དེ་ཉིད་	དེ་ཉིད་	NOUN
ཀུན་	ཀུན་	DET
ཏུ་	ལ་	PART
བཏགས་པ་	བཏགས་པ་	VERB
ཡིན་	ཡིན་	NO_POS
། །		PUNCT
རྣམ་པ་	རྣམ་པ་	NOUN
ར་	ལ་	PART
མི་	མི་	PART
རྟོག་པ་	རྟོག་པ་	VERB
འི་	གི་	PART
ཡེ་ཤེས་	ཡེ་ཤེས་	NOUN
། །		PUNCT
དེ་བཞིན་ཉིད་	དེ་བཞིན་ཉིད་	NOUN
ནི་	ནི་	NO_POS
ཡོངས་གྲུབ་པོ་	ཡོངས་གྲུབ་པོ་	NOUN
། །		PUNCT
ནང་	ནང་	NOUN
གི་	གི་	PART
ཤེས་བྱ་	ཤེས་བྱ་	VERB
འི་	གི་	PART
ངོ་བོ་	ངོ་བོ་	NOUN
ནི་	ནི་	NO_POS
། །		PUNCT
ཕྱི་རོལ་	ཕྱི་རོལ་	NOUN
ལྟ་	ལྟ་	OTHER
སྣང་	སྣང་	VERB
གང་ཡིན་	གང་ཡིན་	NO_POS
དེ་	སྟེ་	PART
། །		PUNCT
དོན་	དོན་	NOUN
ཡིན་	ཡིན་	NO_POS
རྣམ་ཤེས་	རྣམ་ཤེས་	NOUN
ངོ་བོ་	ངོ་བོ་	NOUN
འི་	གི་	PART
ཕྱི་	ཕྱི་	OTHER
། །		PUNCT
དེ་སྐད་	དེ་སྐད་	NO_POS
རྣམ་	རྣམ་	NOUN
བདེན་པ་	བདེན་པ་	VERB
རྣམས་	རྣམས་	DET
བཞེད་	བཞེད་	VERB
། །		PUNCT
མེད་	མེད་	VERB
བཞིན་	བཞིན་	NOUN
སྣང་བ་	སྣང་བ་	VERB
རབ་རིབ་	རབ་རིབ་	NOUN
ལ་	ལ་	PART
། །		PUNCT
སྐྲ་ཤད་	སྐྲ་ཤད་	NO_POS
ཇི་བཞིན་	ཇི་བཞིན་	OTHER
བརྟགས་	བརྟགས་	VERB
འདོད་	འདོད་	VERB
དེ་	སྟེ་	PART
། །		PUNCT
མི་	མི་	PART
རྟོག་	རྟོག་	VERB
ཡེ་ཤེས་	ཡེ་ཤེས་	NOUN
རྒྱུ་བ་	རྒྱུ་བ་	VERB
ལ་	ལ་	PART
། །		PUNCT
དོན་	དོན་	NOUN
ཀུན་སྣང་བ་	ཀུན་སྣང་བ་	OTHER
མེད་པ་	མེད་པ་	VERB
འི་	གི་	PART
ཕྱི་	ཕྱི་	OTHER
། །		PUNCT
དོན་མེད་	དོན་མེད་	ADJ
ཁོངས་	ཁོངས་	NOUN
དུ་	ལ་	PART
ཆུད་པ་	ཆུད་པ་	VERB
ར་	ལ་	PART
བྱ་	བྱ་	VERB
། །		PUNCT
དེ་	སྟེ་	PART
མེད་པ་	མེད་པ་	VERB
ས་	གིས་	PART
ན་	ལ་	PART
རྣམ་རིག་	རྣམ་རིག་	OTHER
མེད་	མེད་	VERB
། །		PUNCT
དེ་སྐད་	དེ་སྐད་	NO_POS
རྣམ་	རྣམ་	NOUN
བརྫུན་པ་	བརྫུན་པ་	VERB
རྣམས་	རྣམས་	DET
བཞེད་	བཞེད་	VERB
། །		PUNCT
རྣམ་	རྣམ་	NOUN
བདེན་	བདེན་	VERB
གཟུང་འཛིན་	གཟུང་འཛིན་	NOUN
སྒོང་	སྒོང་	NO_POS
གཤགས་	གཤགས་	VERB
དང་	དང་	NO_POS
། །		PUNCT
སྣ་ཚོགས་	སྣ་ཚོགས་	DET
གཉིས་	གཉིས་	NUM
མེད་	མེད་	VERB
གྲངས་	གྲངས་	NOUN
མཉམ་	མཉམ་	VERB
གསུམ་	གསུམ་	NUM
། །		PUNCT
སངས་རྒྱས་པ་	སངས་རྒྱས་པ་	NOUN
ལ་	ལ་	PART
གཉིས་	གཉིས་	NUM
སྣང་	སྣང་	VERB
གིས་	གིས་	PART
། །		PUNCT
དྲི་མ་	དྲི་མ་	NOUN
ཡོད་	ཡོད་	VERB
དང་	དང་	NO_POS
མེད་	མེད་	VERB
འདོད་པ་	འདོད་པ་	VERB
ས་	གིས་	PART
། །		PUNCT
དྲི་	དྲི་	NOUN
བཅའ་	བཅའ་	VERB
དྲི་མེད་	དྲི་མེད་	ADJ
རྣམ་	རྣམ་	NOUN
རྫུན་	རྫུན་	NOUN
ནོ་	གོ་	PART
། །		PUNCT
གཞན་དབང་	གཞན་དབང་	NO_POS
ལ་	ལ་	PART
ནི་	ནི་	NO_POS
དབྱེ་བ་	དབྱེ་བ་	VERB
གཉིས་	གཉིས་	NUM
། །		PUNCT
ཀུན་བཏགས་	ཀུན་བཏགས་	NOUN
གཉིས་	གཉིས་	NUM
དང་	དང་	NO_POS
ལྔ་	ལྔ་	NUM
ར་	ལ་	PART
དབྱེ་	དབྱེ་	VERB
བྱ་	བྱ་	VERB
། །		PUNCT
ཡོངས་གྲུབ་	ཡོངས་གྲུབ་	NOUN
གཉིས་	གཉིས་	NUM
དང་	དང་	NO_POS
བཞི་	བཞི་	NUM
རུ་	ལ་	PART
དབྱེ་	དབྱེ་	VERB
། །		PUNCT
དེ་དག་	དེ་དག་	OTHER
དཔེ་	དཔེ་	NOUN
དང་	དང་	NO_POS
བཅའ་	བཅའ་	VERB
ཀྱིས་	གིས་	PART
བསྟན་	བསྟན་	VERB
། །		PUNCT
རྣམ་རིག་	རྣམ་རིག་	OTHER
དོན་	དོན་	NOUN
དེ་	དེ་	DET
ར་	ལ་	PART
འཇུག་པ་	འཇུག་པ་	VERB
ལ་	ལ་	PART
། །		PUNCT
གང་ཟག་	གང་ཟག་	NOUN
རྒྱུ་	རྒྱུ་	NOUN
དང་	དང་	NO_POS
ཚུལ་	ཚུལ་	NOUN
དུས་	དུས་	NOUN
སོ་	གོ་	PART
། །		PUNCT
ཚོགས་སྦྱོར་	ཚོགས་སྦྱོར་	NOUN
མཐོང་	མཐོང་	VERB
སྒོམ་	སྒོམ་	VERB
མཐ་	མཐའ་	NOUN
ར་	ལ་	PART
ཕྱིན་པ་	ཕྱིན་པ་	VERB
འི་	གི་	PART
། །		PUNCT
ལམ་	གམ་	PART
ལྔ་	ལྔ་	NUM
སོ་སོ་	སོ་སོ་	PRON
འི་	གི་	PART
མཚན་ཉིད་	མཚན་ཉིད་	NOUN
དང་	དང་	NO_POS
། །		PUNCT
བྱེད་ལས་	བྱེད་ལས་	NOUN
ངོ་བོ་	ངོ་བོ་	NOUN
དང་	དང་	NO_POS
བཅའ་	བཅའ་	VERB
སོ་	གོ་	PART
། །		PUNCT
ཚོགས་ལམ་	ཚོགས་ལམ་	NOUN
ཆུང་ངུ་	ཆུང་ངུ་	ADJ
འི་	གི་	PART
གནས་སྐབས་	གནས་སྐབས་	NOUN
སུ་	ལ་	PART
། །		PUNCT
དྲན་པ་	དྲན་པ་	VERB
ཉེ་བ་		
བཞག་པ་	བཞག་པ་	VERB
བཞི་	བཞི་	NUM
། །		PUNCT
འབྲིང་	འབྲིང་	NOUN
ལ་	ལ་	PART
ཡང་དག་	ཡང་དག་	ADJ
སྤོང་བ་	སྤོང་བ་	VERB
བཞི་	བཞི་	NUM
"།

།"		PUNCT
ཆེན་པོ་	ཆེན་པོ་	ADJ
ར་	ལ་	PART
རྫུ་འཕྲུལ་	རྫུ་འཕྲུལ་	NOUN
རྐང་བཞི་	རྐང་བཞི་	NO_POS
བསྒོམ་	བསྒོམ་	VERB
། །		PUNCT
སྦྱོར་ལམ་	སྦྱོར་ལམ་	NOUN
དྲོད་	དྲོད་	NOUN
རྩེ་		
དབང་པོ་	དབང་པོ་	NOUN
ལྔ་	ལྔ་	NUM
། །		PUNCT
བཟོད་	བཟོད་	VERB
ཆོ་	ཆོ་	NOUN
གཉིས་	གཉིས་	NUM
སུ་	ལ་	PART
སྟོབས་	སྟོབས་	NOUN
ལྔ་	ལྔ་	NUM
བསྒོམ་	བསྒོམ་	VERB
། །		PUNCT
མཐོང་ལམ་	མཐོང་ལམ་	NOUN
བྱང་ཆུབ་	བྱང་ཆུབ་	NOUN
ཡན་ལག་	ཡན་ལག་	NOUN
བདུན་	བདུན་	NUM
། །		PUNCT
བསྒོམ་པ་	བསྒོམ་པ་	VERB
ར་	ལ་	PART
འཕགས་ལམ་	འཕགས་ལམ་	OTHER
ཡན་ལག་	ཡན་ལག་	NOUN
བརྒྱད་	བརྒྱད་	NUM
། །		PUNCT
རྒྱུ་	རྒྱུ་	NOUN
དང་	དང་	NO_POS
འབྲས་བུ་	འབྲས་བུ་	NOUN
འཆད་པ་	འཆད་པ་	VERB
ལ་	ལ་	PART
། །		PUNCT
དབུལ་བ་	དབུལ་བ་	VERB
འདོར་བ་	འདོར་བ་	VERB
ར་	ལ་	PART
བྱེད་པ་	བྱེད་པ་	VERB
དང་	དང་	NO_POS
། །		PUNCT
བསིལ་བ་	བསིལ་བ་	VERB
ར་	ལ་	PART
བྱེད་	བྱེད་	VERB
དང་	དང་	NO_POS
ཁྲོ་	ཁྲོ་	VERB
བཟོད་	བཟོད་	VERB
དང་	དང་	NO_POS
། །		PUNCT
མཆོག་	མཆོག་	ADJ
སྦྱོར་པ་	སྦྱོར་པ་	VERB
དང་	དང་	NO_POS
ཡིད་	ཡིད་	NOUN
འཛིན་	འཛིན་	VERB
དང་	དང་	NO_POS
། །		PUNCT
དོན་དམ་	དོན་དམ་	NOUN
ཤེས་པ་	ཤེས་པ་	VERB
འི་	གི་	PART
ཕྱི་	ཕྱི་	OTHER
བཤད་	བཤད་	VERB
དོ་	གོ་	PART
། །		PUNCT
ཇི་ལྟ་		
ཉན་ཐོས་	ཉན་ཐོས་	NOUN
ཐེག་པ་	ཐེག་པ་	NOUN
ལ་	ལ་	PART
། །		PUNCT
ཉན་ཐོས་	ཉན་ཐོས་	NOUN
ས་	ས་	ADP
ནི་	ནི་	NO_POS
བརྒྱད་	བརྒྱད་	NUM
བཤད་པ་	བཤད་པ་	VERB
། །		PUNCT
དེ་བཞིན་	དེ་བཞིན་	OTHER
ཐེག་པ་	ཐེག་པ་	NOUN
ཆེན་པོ་	ཆེན་པོ་	ADJ
ལ་	ལ་	PART
། །		PUNCT
བྱང་ཆུབ་	བྱང་ཆུབ་	NOUN
སེམས་དཔ་	སེམས་དཔའ་	NOUN
འི་	གི་	PART
ས་བཅུ་	ས་བཅུ་	NO_POS
འོ་	གོ་	PART
། །		PUNCT
འབྲས་བུ་	འབྲས་བུ་	NOUN
ས་བཅུ་	ས་བཅུ་	NO_POS
འི་	གི་	PART
དབྱེ་བ་	དབྱེ་བ་	VERB
ནི་	ནི་	NO_POS
། །		PUNCT
རབ་ཏུ་	རབ་ཏུ་	NO_POS
དགའ་	དགའ་	VERB
དང་	དང་	NO_POS
དྲི་མ་	དྲི་མ་	NOUN
མེད་	མེད་	VERB
། །		PUNCT
འོད་བྱེད་པ་	འོད་བྱེད་པ་	NO_POS
དང་	དང་	NO_POS
འོད་འཕྲོ་	འོད་འཕྲོ་	NO_POS
ཅན་	ཅན་	PART
། །		PUNCT
སྦྱང་	སྦྱང་	VERB
དཀའ་	དཀའ་	VERB
མངོན་དུ་	མངོན་དུ་	NO_POS
གྱུར་པ་	གྱུར་པ་	VERB
དང་	དང་	NO_POS
། །		PUNCT
རིང་	རིང་	NOUN
དུ་	ལ་	PART
སོང་	སོང་	VERB
དང་	དང་	NO_POS
མི་གཡོ་བ་	མི་གཡོ་བ་	NO_POS
། །		PUNCT
ལེགས་པ་	ལེགས་པ་	VERB
འི་	གི་	PART
བློ་གྲོས་	བློ་གྲོས་	NOUN
ཆོ་	ཆོ་	NOUN
སྤྲིན་	སྤྲིན་	NOUN
ནོ་	གོ་	PART
། །		PUNCT
དེ་དག་	དེ་དག་	OTHER
ཕར་ཕྱིན་	ཕར་ཕྱིན་	NOUN
བཅུ་	བཅུ་	NUM
དང་	དང་	NO_POS
སྦྱོར་	སྦྱོར་	VERB
། །		PUNCT
ས་	ས་	ADP
ཐོབ་པ་	ཐོབ་པ་	VERB
ནི་	ནི་	NO_POS
མོས་པ་	མོས་པ་	VERB
དང་	དང་	NO_POS
། །		PUNCT
སྤྱོད་པ་	སྤྱོད་པ་	VERB
དག་	དག་	DET
ལ་	ལ་	PART
འཇུག་པ་	འཇུག་པ་	VERB
དང་	དང་	NO_POS
། །		PUNCT
རྟོགས་པ་	རྟོགས་པ་	VERB
འི་	གི་	PART
ཕྱི་	ཕྱི་	OTHER
དང་	དང་	NO_POS
ས་	ས་	ADP
རྣམས་	རྣམས་	DET
ནི་	ནི་	NO_POS
།		PUNCT
གྲུབ་པ་	གྲུབ་པ་	VERB
འི་	གི་	PART
སྒོ་	སྒོ་	NOUN
ན་	ནས་	PART
རྣམ་པ་	རྣམ་པ་	NOUN
བཞི་	བཞི་	NUM
། །		PUNCT
བཟང་	བཟང་	VERB
དང་	དང་	NO_POS
སྨོན་པ་	སྨོན་པ་	VERB
འི་	གི་	PART
སྟོབས་	སྟོབས་	NOUN
ཅན་	ཅན་	PART
དག་	དག་	DET
།		PUNCT
སེམས་	སེམས་	NOUN
བརྟེན་	བརྟེན་	VERB
ཁྱད་པར་	ཁྱད་པར་	NOUN
འགྲོ་བ་	འགྲོ་བ་	VERB
ཡིན་	ཡིན་	NO_POS
། །		PUNCT
བྱང་ཆུབ་	བྱང་ཆུབ་	NOUN
སེམས་དཔའ་	སེམས་དཔའ་	NOUN
གྲངས་མེད་	གྲངས་མེད་	NOUN
གསུམ་	གསུམ་	NUM
། །		PUNCT
ཀུན་	ཀུན་	DET
དུ་	ལ་	PART
རྩོམ་པ་	རྩོམ་པ་	VERB
ར་	ལ་	PART
མཛད་	མཛད་	VERB
ཅེས་	ཅེས་	PART
གསུང་	གསུང་	VERB
། །		PUNCT
བསླབ་པ་	བསླབ་པ་	VERB
གསུམ་	གསུམ་	NUM
ནི་	ནི་	NO_POS
ཚུལ་ཁྲིམས་	ཚུལ་ཁྲིམས་	NOUN
དང་	དང་	NO_POS
། །		PUNCT
ཏིང་ངེ་འཛིན་	ཏིང་ངེ་འཛིན་	NOUN
དང་	དང་	NO_POS
ཤེས་རབ་བོ་	ཤེས་རབ་བོ་	NOUN
། །		PUNCT
མ་	མ་	PART
དག་	དག་	DET
གཞན་དབང་	གཞན་དབང་	NO_POS
མཚན་མ་	མཚན་མ་	NOUN
དག་	དག་	DET
།		PUNCT
འགག་པ་	འགག་པ་	VERB
ས་	གིས་	PART
སྲིད་	སྲིད་	NOUN
ལ་	ལ་	PART
མི་	མི་	PART
གནས་	གནས་	NOUN
ཤིང་	ཅིང་	PART
། །		PUNCT
ཤེས་སྒྲིབ་	ཤེས་སྒྲིབ་	NO_POS
ཡོངས་	ཡོངས་	DET
སྤང་	སྤང་	VERB
དག་པ་	དག་པ་	VERB
ཡི་	གིས་	PART
། །		PUNCT
གཞན་དབང་	གཞན་དབང་	NO_POS
ཉིད་	ཉིད་	DET
དུ་	ལ་	PART
གནས་	གནས་	NOUN
གྱུར་པ་	གྱུར་པ་	VERB
ས་	གིས་	PART
། །		PUNCT
ཞི་	ཞི་	VERB
ལ་	ལ་	PART
མི་	མི་	PART
གནས་	གནས་	NOUN
འཁོར་འདས་	འཁོར་འདས་	NOUN
གཉིས་	གཉིས་	NUM
། །		PUNCT
མཚུངས་	མཚུངས་	VERB
ཤེ་	ཤེ་	VERB
སྤངས་བ་	སྤངས་བ་	VERB
ཕུན་ཚོགས་	ཕུན་ཚོགས་	ADJ
སོ་	གོ་	PART
། །		PUNCT
ཡེ་ཤེས་	ཡེ་ཤེས་	NOUN
ཕུན་སུམ་	ཕུན་སུམ་	OTHER
ཚོགས་པ་	ཚོགས་པ་	VERB
ནི་	ནི་	NO_POS
། །		PUNCT
སྐུ་གསུམ་	སྐུ་གསུམ་	OTHER
དང་	དང་	NO_POS
ནི་	ནི་	NO_POS
ཡན་ལག་	ཡན་ལག་	NOUN
ལྔ་	ལྔ་	NUM
། །		PUNCT
མ་	མ་	PART
འདྲེ་	འདྲེ་	VERB
ཕུན་སུམ་	ཕུན་སུམ་	OTHER
ཚོགས་པ་	ཚོགས་པ་	VERB
འོ་	གོ་	PART
། །		PUNCT
དེ་དག་	དེ་དག་	OTHER
རྒྱས་པ་	རྒྱས་པ་	VERB
ར་	ལ་	PART
བཤད་པ་	བཤད་པ་	VERB
ནི་	ནི་	NO_POS
། །		PUNCT
གཟུང་	གཟུང་	VERB
དང་	དང་	NO_POS
འཛིན་པ་	འཛིན་པ་	VERB
གཉིས་	གཉིས་	NUM
བྲལ་བ་	བྲལ་བ་	VERB
འི་	གི་	PART
། །		PUNCT
ཤེས་པ་	ཤེས་པ་	VERB
རང་རིག་	རང་རིག་	NO_POS
དང་	དང་	NO_POS
གསལ་	གསལ་	VERB
ཉིད་	ཉིད་	DET
། །		PUNCT
ཆོ་	ཆོ་	NOUN
ཀྱི་	གི་	PART
སྐུ་	སྐུ་	NOUN
སྟེ་	སྟེ་	PART
དོན་དམ་	དོན་དམ་	NOUN
བཞེད་	བཞེད་	VERB
། །		PUNCT
ངེས་པ་	ངེས་པ་	VERB
ལྔ་ལྡན་	ལྔ་ལྡན་	OTHER
ལོངས་སྤྱོད་	ལོངས་སྤྱོད་	NOUN
རྫོགས་	རྫོགས་	VERB
། །		PUNCT
དེ་	སྟེ་	PART
ཡི་	གི་	PART
སྤྲུལ་	སྤྲུལ་	VERB
གཞི་	གཞི་	NOUN
བྱས་པ་	བྱས་པ་	VERB
ཡི་	གི་	PART
། །		PUNCT
བཟོ་	བཟོ་	NO_POS
སྐྱེ་	སྐྱེ་	NOUN
མཆོག་	མཆོག་	ADJ
གི་	གི་	PART
སྤྲུལ་སྐུ་	སྤྲུལ་སྐུ་	NOUN
འོ་	གོ་	PART
། །		PUNCT
གནས་	གནས་	NOUN
གྱུར་	གྱུར་	VERB
དཀར་པོ་	དཀར་པོ་	ADJ
འི་	གི་	PART
ཆོ་	ཆོ་	NOUN
ཀྱི་	གི་	PART
གཞི་	གཞི་	NOUN
། །		PUNCT
གཉིས་	གཉིས་	NUM
མེད་	མེད་	VERB
རྟག་པ་	རྟག་པ་	VERB
བསམ་	བསམ་	NOUN
མི་	མི་	PART
ཁྱབ་	ཁྱབ་	VERB
། །		PUNCT
སྔ་	སྔ་	NOUN
བཤད་	བཤད་	VERB
བྱང་ཕྱོགས་	བྱང་ཕྱོགས་	NOUN
སོ་	གོ་	PART
བདུན་	བདུན་	NUM
སྟེང་	སྟེང་	NOUN
"།

།"		PUNCT
ཚད་	ཚད་	NOUN
མེད་	མེད་	VERB
བཞི་	བཞི་	NUM
དང་	དང་	NO_POS
རྣམ་ཐར་	རྣམ་ཐར་	NOUN
བརྒྱད་	བརྒྱད་	NUM
། །		PUNCT
སྙོམས་འཇུག་	སྙོམས་འཇུག་	NO_POS
དགུ་	དགུ་	NUM
དང་	དང་	NO_POS
ཟག་པ་	ཟག་པ་	VERB
ར་	ལ་	PART
བཅུ་	བཅུ་	NUM
། །		PUNCT
ཟིལ་གནོན་	ཟིལ་གནོན་	NOUN
བརྒྱད་	བརྒྱད་	NUM
དང་	དང་	NO_POS
ཉོན་མོངས་	ཉོན་མོངས་	NOUN
མེད་	མེད་	VERB
། །		PUNCT
སྨོན་	སྨོན་	VERB
གནས་	གནས་	NOUN
ཤེ་	ཤེ་	VERB
དང་	དང་	NO_POS
རྫུ་འཕྲུལ་	རྫུ་འཕྲུལ་	NOUN
གྱི་	གི་	PART
། །		PUNCT
མངོན་ཤེས་	མངོན་ཤེས་	NOUN
སོ་སོ་	སོ་སོ་	PRON
ར་	ལ་	PART
ཡང་དག་པ་	ཡང་དག་པ་	ADJ
ར་	ལ་	PART
། །		PUNCT
རིག་	རིག་	VERB
བཞི་	བཞི་	NUM
རྣམ་པ་	རྣམ་པ་	NOUN
ར་	ལ་	PART
དག་པ་	དག་པ་	VERB
བཞི་	བཞི་	NUM
། །		PUNCT
དབང་	དབང་	NOUN
བཅུ་	བཅུ་	NUM
དང་	དང་	NO_POS
ནི་	ནི་	NO_POS
སྟོབས་	སྟོབས་	NOUN
བཅུ་	བཅུ་	NUM
དང་	དང་	NO_POS
། །		PUNCT
མི་	མི་	PART
འཇིགས་	འཇིགས་	VERB
བཞི་	བཞི་	NUM
དང་	དང་	NO_POS
སྲུང་	སྲུང་	VERB
མེད་	མེད་	VERB
གསུམ་	གསུམ་	NUM
། །		PUNCT
དྲན་པ་	དྲན་པ་	VERB
ཉེ་	ཉེ་	NUM
བཞག་	བཞག་	VERB
གསུམ་	གསུམ་	NUM
དང་	དང་	NO_POS
ནི་	ནི་	NO_POS
། །		PUNCT
བསྙེལ་བ་	བསྙེལ་བ་	NO_POS
མི་	མི་	PART
མངའ་	མངའ་	VERB
བག་ཆགས་	བག་ཆགས་	NOUN
བརྩམ་	བརྩམ་	VERB
། །		PUNCT
ཐུགས་རྗེ་	ཐུགས་རྗེ་	NOUN
ཆེ་	ཆེ་	VERB
དང་	དང་	NO_POS
སངས་རྒྱས་	སངས་རྒྱས་	NOUN
ཆོ་	ཆོ་	NOUN
། །		PUNCT
མ་	མ་	PART
འདྲེ་	འདྲེ་	VERB
བཅོ་བརྒྱད་	བཅོ་བརྒྱད་	NO_POS
མངོན་བྱང་	མངོན་བྱང་	NO_POS
ཆུབ་	ཆུབ་	VERB
། །		PUNCT
སྡེ་ཚན་	སྡེ་ཚན་	NOUN
ཉེ་	ཉེ་	NUM
གཅིག་	གཅིག་	NUM
དག་	དག་	DET
ཏུ་	ལ་	PART
བཞེད་	བཞེད་	VERB
། །		PUNCT
རྣལ་འབྱོར་	རྣལ་འབྱོར་	NOUN
སྤྱོད་	སྤྱོད་	VERB
གཞུང་	གཞུང་	NOUN
ཞིབ་པ་	ཞིབ་པ་	NOUN
ར་	ལ་	PART
ནི་	ནི་	NO_POS
། །		PUNCT
མདོ་སྡེ་	མདོ་སྡེ་	NOUN
རྒྱན་	རྒྱན་	NOUN
དང་	དང་	NO_POS
རྣམ་འབྱེད་	རྣམ་འབྱེད་	NOUN
གཉིས་	གཉིས་	NUM
། །		PUNCT
ཐེག་	ཐེག་	VERB
བསྡུ་	བསྡུ་	VERB
སོགས་	སོགས་	DET
ལ་	ལ་	ADP
ས་	གིས་	PART
ཤེས་པ་	ཤེས་པ་	VERB
ར་	ལ་	PART
བྱ་	བྱ་	VERB
། །		PUNCT
རྣལ་འབྱོར་	རྣལ་འབྱོར་	NOUN
སྤྱོད་པ་	སྤྱོད་པ་	VERB
སེམས་	སེམས་	NOUN
ཙམ་པ་	ཙམ་པ་	DET
འི་	གི་	PART
སྐབས་	སྐབས་	NOUN
ཀྱི་	གི་	PART
སྡོམ་	སྡོམ་	NOUN
སྟེ་	སྟེ་	PART
གསུམ་པ་	གསུམ་པ་	NUM
འོ་	གོ་	PART
།། ༈ །		PUNCT
དབུ་མ་	དབུ་མ་	PROPN
འི་	གི་	PART
གྲུབ་མཐའ་	གྲུབ་མཐའ་	NOUN
འཆད་པ་	འཆད་པ་	VERB
ལ་	ལ་	PART
། །		PUNCT
དེ་ཡང་	དེ་ཡང་	ADV
སྔ་མ་	སྔ་མ་	ADJ
འི་	གི་	PART
ལོག་རྟོག་	ལོག་རྟོག་	OTHER
དགག་	དགག་	VERB
།		PUNCT
རང་	རང་	PRON
གི་	གི་	PART
འདོད་པ་	འདོད་པ་	VERB
བརྗོད་པ་	བརྗོད་པ་	VERB
འོ་	གོ་	PART
། །		PUNCT
དེ་	སྟེ་	PART
ལ་	ལ་	PART
རྣལ་འབྱོར་	རྣལ་འབྱོར་	NOUN
སྤྱོད་པ་	སྤྱོད་པ་	VERB
བ་	བ་	ADP
། །		PUNCT
ཡོད་པ་	ཡོད་པ་	VERB
ས་	གིས་	PART
མེད་པ་	མེད་པ་	VERB
ཡོད་	ཡོད་	VERB
ཅེས་པ་	ཅེས་པ་	PART
། །		PUNCT
མི་	མི་	PART
འཐད་	འཐད་	VERB
གཞན་དབང་	གཞན་དབང་	NO_POS
ཀུན་རྫོབ་	ཀུན་རྫོབ་	NOUN
དུ་	ལ་	PART
། །		PUNCT
ཡོད་	ཡོད་	VERB
ན་	ལ་	PART
ཀུན་བཏགས་	ཀུན་བཏགས་	NOUN
ཕྱི་	ཕྱི་	OTHER
དེ་	སྟེ་	PART
མེད་	མེད་	VERB
། །		PUNCT
དོན་དམ་	དོན་དམ་	NOUN
ཡོད་	ཡོད་	VERB
ན་	ལ་	PART
ཡོད་མཐ་	ཡོད་མཐའ་	NO_POS
ར་	ལ་	PART
ལྷུང་	ལྷུང་	VERB
། །		PUNCT
ངེད་	ངེད་	PRON
འདི་	འདི་	DET
གཉིས་ཀ་	གཉིས་ཀ་	OTHER
འི་	གི་	PART
ཀླན་ཀ་	ཀླན་ཀ་	NOUN
མེད་	མེད་	VERB
། །		PUNCT
ཡོངས་གྲུབ་	ཡོངས་གྲུབ་	NOUN
སྤྲོས་བྲལ་	སྤྲོས་བྲལ་	ADJ
གཞན་དབང་	གཞན་དབང་	NO_POS
ལ་	ལ་	PART
། །		PUNCT
ཡོད་	ཡོད་	VERB
ན་	ལ་	PART
དངོ་	དངོ་	NOUN
སྒྲ་	སྒྲ་	NOUN
ཉིད་	ཉིད་	DET
དང་	དང་	NO_POS
མཚུངས་	མཚུངས་	VERB
། །		PUNCT
གཞན་དབང་	གཞན་དབང་	NO_POS
དོན་དམ་	དོན་དམ་	NOUN
ཡོད་	ཡོད་	VERB
ན་	ལ་	PART
ཁྱེད་	ཁྱེད་	PRON
། །		PUNCT
རྣམ་པ་	རྣམ་པ་	NOUN
ར་	ལ་	PART
རིག་པ་	རིག་པ་	VERB
ཙམ་	ཙམ་	DET
དུ་	ལ་	PART
ཡང་	ཀྱང་	PART
། །		PUNCT
གང་	གང་	NO_POS
ཚེ་	ཚེ་	NOUN
མི་	མི་	PART
འཛིན་	འཛིན་	VERB
དེ་	སྟེ་	PART
ཡི་	གི་	PART
ཚེ་	ཚེ་	NOUN
། །		PUNCT
ཞེ་	ཅེས་	PART
འདོད་	འདོད་	VERB
ཡོད་	ཡོད་	VERB
ན་	ལ་	PART
ཅིས་	ཅིས་	NO_POS
མི་	མི་	PART
འཛིན་	འཛིན་	VERB
། །		PUNCT
སྐད་ཅིག་	སྐད་ཅིག་	OTHER
ཙམ་	ཙམ་	DET
དུ་	ལ་	PART
བདེན་	བདེན་	VERB
ཡོད་	ཡོད་	VERB
ན་	ལ་	PART
། །		PUNCT
སྐྱེ་	སྐྱེ་	VERB
སོགས་	སོགས་	DET
ཆ་གསུམ་	ཆ་གསུམ་	NO_POS
མེད་པ་	མེད་པ་	VERB
ར་	ལ་	PART
འགྱུར་	འགྱུར་	VERB
། །		PUNCT
དེ་	སྟེ་	PART
འདོད་	འདོད་	VERB
བ་	བ་	NOUN
དུ་	ལ་	PART
མི་	མི་	PART
གནས་	གནས་	NOUN
སྐྱོན་	སྐྱོན་	NOUN
། །		PUNCT
ཡོད་	ཡོད་	VERB
ན་	ལ་	PART
རྒྱུ་རྐྱེན་	རྒྱུ་རྐྱེན་	OTHER
ལྟོ་	ལྟོ་	VERB
མི་	མི་	PART
ལྟོ་	ལྟོ་	VERB
། །		PUNCT
ལྟོ་	ལྟོ་	VERB
ན་	ལ་	PART
སྔ་མ་	སྔ་མ་	ADJ
འི་	གི་	PART
གྲུབ་མཐའ་	གྲུབ་མཐའ་	NOUN
ཉམས་	ཉམས་	NOUN
། །		PUNCT
མ་	མ་	PART
ལྟོ་	ལྟོ་	VERB
ཚེ་	ཚེ་	NOUN
ན་	ལ་	PART
གནས་འགྱུ་	གནས་འགྱུ་	NO_POS
ར་	ལ་	PART
འགལ་	འགལ་	VERB
། །		PUNCT
ཁྱེད་ཅག་	ཁྱེད་ཅག་	PRON
གནས་	གནས་	NOUN
གྱུར་	གྱུར་	VERB
མི་	མི་	PART
འཐད་	འཐད་	VERB
དོ་	གོ་	PART
། །		PUNCT
དོན་དམ་	དོན་དམ་	NOUN
གནས་	གནས་	NOUN
གྱུར་	གྱུར་	VERB
དོན་དམ་	དོན་དམ་	NOUN
མིན་	མིན་	AUX
། །		PUNCT
ཀུན་རྫོབ་	ཀུན་རྫོབ་	NOUN
རི་	རི་	NOUN
རྭ་	རྭ་	NOUN
ལ་	ལ་	ADP
འང་	ཀྱང་	PART
མཚུངས་	མཚུངས་	VERB
། །		PUNCT
བདེན་པ་	བདེན་པ་	VERB
གཉིས་ཀ་	གཉིས་ཀ་	OTHER
མིན་	མིན་	AUX
དམ་	གམ་	PART
སྙམ་	སྙམ་	VERB
། །		PUNCT
རང་ལུགས་	རང་ལུགས་	NOUN
བརྗོད་	བརྗོད་	VERB
ལ་	ལ་	PART
ཤེས་བྱ་	ཤེས་བྱ་	VERB
ཀུན་	ཀུན་	DET
། །		PUNCT
ཀུན་རྫོབ་	ཀུན་རྫོབ་	NOUN
དུ་	ལ་	PART
ནི་	ནི་	NO_POS
ཡོད་	ཡོད་	VERB
མཉམ་	མཉམ་	VERB
དང་	དང་	NO_POS
། །		PUNCT
དོན་དམ་	དོན་དམ་	NOUN
དུ་	ལ་	PART
ནི་	ནི་	NO_POS
མེད་	མེད་	VERB
མཉམ་	མཉམ་	VERB
དུ་	ལ་	PART
། །		PUNCT
འདོད་པ་	འདོད་པ་	VERB
ཐབས་	ཐབས་	NOUN
དང་	དང་	NO_POS
ཐབས་	ཐབས་	NOUN
བྱུང་	བྱུང་	VERB
དུ་	ལ་	PART
། །		PUNCT
གྱུར་པ་	གྱུར་པ་	VERB
བདེན་	བདེན་	VERB
གཉིས་	གཉིས་	NUM
རྣམ་དབྱེ་	རྣམ་དབྱེ་	OTHER
ཡིན་	ཡིན་	NO_POS
། །		PUNCT
གཞན་	གཞན་	DET
ཡང་	ཀྱང་	PART
འཇིག་རྟེན་	འཇིག་རྟེན་	NOUN
གྲག་	གྲག་	VERB
སྡེ་	སྡེ་	NOUN
དང་	དང་	NO_POS
། །		PUNCT
བྱེ་བྲག་	བྱེ་བྲག་	NOUN
སྨྲ་	སྨྲ་	VERB
དང་	དང་	NO_POS
ཚུལ་	ཚུལ་	NOUN
མཚུངས་	མཚུངས་	VERB
དང་	དང་	NO_POS
"།

།"		PUNCT
སྒྱུ་མ་པ་	སྒྱུ་མ་པ་	NOUN
དང་	དང་	NO_POS
མདོ་སྡེ་	མདོ་སྡེ་	NOUN
སྤྱོད་	སྤྱོད་	VERB
། །		PUNCT
རྣལ་འབྱོར་	རྣལ་འབྱོར་	NOUN
སྤྱོད་པ་	སྤྱོད་པ་	VERB
འི་	གི་	PART
དབུ་མ་	དབུ་མ་	PROPN
ཞེ་	ཅེས་	PART
། །		PUNCT
དེ་དག་	དེ་དག་	OTHER
ཀུན་	ཀུན་	DET
ལ་	ལ་	PART
རང་རང་	རང་རང་	NO_POS
གི་	གི་	PART
།		PUNCT
དབུ་མ་	དབུ་མ་	PROPN
ར་	ལ་	PART
འདོད་	འདོད་	VERB
ཀྱང་	ཀྱང་	PART
དབུ་མ་	དབུ་མ་	PROPN
ཡི་	གིས་	PART
། །		PUNCT
མིང་ཅན་	མིང་ཅན་	NOUN
ཡིན་	ཡིན་	NO_POS
གྱིས་	གིས་	PART
དངོ་	དངོ་	NOUN
མ་	མ་	PART
ཡིན་	ཡིན་	NO_POS
། །		PUNCT
དབུ་མ་	དབུ་མ་	PROPN
ཆེན་པོ་	ཆེན་པོ་	ADJ
འི་	གི་	PART
གཞུང་ལུགས་	གཞུང་ལུགས་	NOUN
ནི་	ནི་	NO_POS
། །		PUNCT
ཐལ་འགྱུར་	ཐལ་འགྱུར་	OTHER
རང་རྒྱུད་	རང་རྒྱུད་	NOUN
གཉིས་	གཉིས་	NUM
སུ་	ལ་	PART
ངེས་	ངེས་	VERB
། །		PUNCT
བདེན་པ་	བདེན་པ་	VERB
གཉིས་	གཉིས་	NUM
ཀྱི་	གི་	PART
འདོད་ཚུལ་	འདོད་ཚུལ་	VERB
ནི་	ནི་	NO_POS
། །		PUNCT
ཀུན་རྫོབ་	ཀུན་རྫོབ་	NOUN
བདེན་པ་	བདེན་པ་	VERB
ར་	ལ་	PART
ཡང་དག་	ཡང་དག་	ADJ
དང་	དང་	NO_POS
། །		PUNCT
ལོག་པ་	ལོག་པ་	VERB
འི་	གི་	PART
ཀུན་རྫོབ་	ཀུན་རྫོབ་	NOUN
གཉིས་	གཉིས་	NUM
སུ་	ལ་	PART
འདོད་	འདོད་	VERB
། །		PUNCT
དོན་དམ་	དོན་དམ་	NOUN
བདེན་པ་	བདེན་པ་	VERB
སྐྱེ་འགག་	སྐྱེ་འགག་	NOUN
སོགས་	སོགས་	DET
། །		PUNCT
སྤྲོས་པ་	སྤྲོས་པ་	VERB
ཀུན་	ཀུན་	DET
བྲལ་	བྲལ་	VERB
དེ་བཞིན་ཉིད་	དེ་བཞིན་ཉིད་	NOUN
། །		PUNCT
བདག་མེད་	བདག་མེད་	ADJ
སྒྲུབ་བྱེད་	སྒྲུབ་བྱེད་	NOUN
དབུ་མ་	དབུ་མ་	PROPN
ཡི་	གི་	PART
། །		PUNCT
གཏན་ཚིགས་	གཏན་ཚིགས་	NOUN
ཆེན་པོ་	ཆེན་པོ་	ADJ
ལྔ་	ལྔ་	NUM
བཤད་པ་	བཤད་པ་	VERB
། །		PUNCT
ཕྱི་	ཕྱི་	NOUN
དང་	དང་	NO_POS
ནང་	ནང་	NOUN
ན་	ལ་	PART
གནས་	གནས་	NOUN
འདི་	འདི་	DET
ཀུན་	ཀུན་	DET
། །		PUNCT
ཡང་དག་	ཡང་དག་	ADJ
དོན་	དོན་	NOUN
དུ་	ལ་	PART
རང་བཞིན་	རང་བཞིན་	NOUN
མེད་	མེད་	VERB
། །		PUNCT
གཅིག་པ་	གཅིག་པ་	ADJ
ཉིད་	ཉིད་	DET
དང་	དང་	NO_POS
དུ་མ་	དུ་མ་	ADJ
ལ་	ལ་	ADP
ས་	གིས་	PART
། །		PUNCT
བྲལ་བ་	བྲལ་བ་	VERB
འི་	གི་	PART
ཕྱི་	ཕྱི་	OTHER
ན་	ལ་	PART
གཟུགས་བརྙན་	གཟུགས་བརྙན་	NOUN
བཞིན་	བཞིན་	NOUN
། །		PUNCT
བདག་	བདག་	PRON
ལས་མ་	ལས་མ་	NO_POS
ཡིན་	ཡིན་	NO_POS
གཞན་	གཞན་	DET
ལ་	ལ་	ADP
ས་	གིས་	PART
མིན་	མིན་	AUX
། །		PUNCT
གཉིས་	གཉིས་	NUM
ལས་མ་	ལས་མ་	NO_POS
ཡིན་	ཡིན་	NO_POS
རྒྱུ་	རྒྱུ་	NOUN
མེད་	མེད་	VERB
མིན་	མིན་	AUX
། །		PUNCT
དངོས་པོ་	དངོས་པོ་	NOUN
གང་དང་གང་	གང་དང་གང་	NO_POS
ལ་	ལ་	ADP
འང་	ཀྱང་	PART
། །		PUNCT
སྐྱེ་བ་	སྐྱེ་བ་	VERB
ནམ་ཡང་	ནམ་ཡང་	OTHER
ཡོད་	ཡོད་	VERB
མ་	མ་	PART
ཡིན་	ཡིན་	NO_POS
། །		PUNCT
ཡོད་པ་	ཡོད་པ་	VERB
སྐྱེ་བ་	སྐྱེ་བ་	VERB
ར་	ལ་	PART
རིག་	རིག་	VERB
མིན་	མིན་	AUX
ཏེ་	སྟེ་	PART
། །		PUNCT
མེད་པ་	མེད་པ་	VERB
ནམ་མཁ་	ནམ་མཁའ་	NOUN
འི་	གི་	PART
མེ་ཏོག་	མེ་ཏོག་	NOUN
བཞིན་	བཞིན་	NOUN
། །		PUNCT
ཉེས་པ་	ཉེས་པ་	VERB
གཉིས་ཀ་	གཉིས་ཀ་	OTHER
ར་	ལ་	PART
ཐལ་འགྱུར་	ཐལ་འགྱུར་	OTHER
ཕྱི་	ཕྱི་	OTHER
། །		PUNCT
གཉིས་ཀ་	གཉིས་ཀ་	OTHER
དག་	དག་	DET
ཀྱང་	ཀྱང་	PART
འབྱུང་བ་	འབྱུང་བ་	VERB
མིན་	མིན་	AUX
། །		PUNCT
དུ་མ་	དུ་མ་	ADJ
ས་	གིས་	PART
གཅིག་	གཅིག་	NUM
གི་	གི་	PART
དངོ་	དངོ་	NOUN
མི་	མི་	PART
བྱེད་	བྱེད་	VERB
། །		PUNCT
དུ་མ་	དུ་མ་	ADJ
ས་	གིས་	PART
དུ་མ་	དུ་མ་	ADJ
བྱེད་	བྱེད་	VERB
མ་	མ་	PART
ཡིན་	ཡིན་	NO_POS
། །		PUNCT
གཅིག་	གཅིག་	NUM
གིས་	གིས་	PART
དུ་མ་	དུ་མ་	ADJ
འི་	གི་	PART
དངོ་	དངོ་	NOUN
མི་	མི་	PART
བྱེད་	བྱེད་	VERB
། །		PUNCT
གཅིག་	གཅིག་	NUM
གིས་	གིས་	PART
གཅིག་	གཅིག་	NUM
བྱེད་པ་	བྱེད་པ་	VERB
འང་	ཀྱང་	PART
མིན་	མིན་	AUX
། །		PUNCT
རྟེན་	རྟེན་	NOUN
ཅིང་	ཅིང་	PART
འབྲེལ་བ་	འབྲེལ་བ་	VERB
ར་	ལ་	PART
འབྱུང་བ་	འབྱུང་བ་	VERB
གང་	གང་	NO_POS
། །		PUNCT
དེ་ཉིད་	དེ་ཉིད་	NOUN
སྟོང་པ་ཉིད་	སྟོང་པ་ཉིད་	NOUN
དུ་	ལ་	PART
བཞེད་	བཞེད་	VERB
། །		PUNCT
དེ་	སྟེ་	PART
ནི་	ནི་	NO_POS
བརྟེན་	བརྟེན་	VERB
ན་	ནས་	PART
གདགས་པ་	གདགས་པ་	VERB
སྟེ་	སྟེ་	PART
། །		PUNCT
དེ་	སྟེ་	PART
ནི་	ནི་	NO_POS
དབུ་མ་	དབུ་མ་	PROPN
འི་	གི་	PART
ལམ་	གམ་	PART
ཡིན་	ཡིན་	NO_POS
ནོ་	གོ་	PART
། །		PUNCT
དེ་ལྟ་	དེ་ལྟ་	NO_POS
ཡོད་མཐའ་	ཡོད་མཐའ་	NO_POS
བཀག་	བཀག་	VERB
བྱ་	བྱ་	VERB
ན་	ནས་	PART
། །		PUNCT
བདེན་	བདེན་	VERB
མེད་	མེད་	VERB
མངོན་ཞེན་	མངོན་ཞེན་	NOUN
མེད་	མེད་	VERB
མཐའ་	མཐའ་	NOUN
འང་	ཀྱང་	PART
བཀག་	བཀག་	VERB
།		PUNCT
མཚན་	མཚན་	NOUN
འཛིན་	འཛིན་	VERB
དང་	དང་	NO_POS
བྲལ་	བྲལ་	VERB
ཞི་གནས་	ཞི་གནས་	NOUN
དང་	དང་	NO_POS
། །		PUNCT
ལྷག་མཐོང་	ལྷག་མཐོང་	NOUN
ལམ་	གམ་	PART
ལ་	ལ་	PART
རབ་	རབ་	ADV
འཇུག་	འཇུག་	VERB
བྱ་	བྱ་	VERB
། །		PUNCT
ཐེག་ཆེན་	ཐེག་ཆེན་	NOUN
དབུ་	དབུ་	NOUN
སེམས་	སེམས་	NOUN
ས་ལམ་	ས་ལམ་	OTHER
ལ་	ལ་	PART
། །		PUNCT
ཁྱད་པར་	ཁྱད་པར་	NOUN
ཆེ་	ཆེ་	VERB
ར་	ལ་	PART
མེད་	མེད་	VERB
ཟླ་གྲགས་	ཟླ་གྲགས་	PROPN
ཀྱིས་	གིས་	PART
། །		PUNCT
འཇུག་པ་	འཇུག་པ་	VERB
རྩ་འགྲེལ་	རྩ་འགྲེལ་	NOUN
དགོངས་པ་	དགོངས་པ་	VERB
འི་	གི་	PART
དོན་	དོན་	NOUN
། །		PUNCT
ཐེག་ཆེན་	ཐེག་ཆེན་	NOUN
མཐོང་ལམ་	མཐོང་ལམ་	NOUN
རབ་དག་	རབ་དགའ་	PROPN
འི་	གི་	PART
ས་	ས་	ADP
། །		PUNCT
ཡོན་ཏན་	ཡོན་ཏན་	NOUN
མིང་	མིང་	NOUN
འཕོ་	འཕོ་	VERB
དོན་	དོན་	NOUN
ཐོབ་	ཐོབ་	VERB
དང་	དང་	NO_POS
། །		PUNCT
དཔེ་	དཔེ་	NOUN
ས་	གིས་	PART
བསྟན་	བསྟན་	VERB
ཟིལ་གནོན་	ཟིལ་གནོན་	NOUN
ཕར་ཕྱིན་	ཕར་ཕྱིན་	NOUN
ལྷག་	ལྷག་	NOUN
།		PUNCT
དྲི་མེད་	དྲི་མེད་	ADJ
འོད་བྱེད་	འོད་བྱེད་	NO_POS
འོད་འཕྲོ་བ་	འོད་འཕྲོ་བ་	NO_POS
། །		PUNCT
སྦྱང་	སྦྱང་	VERB
དཀའ་	དཀའ་	VERB
མངོན་གྱུར་	མངོན་གྱུར་	ADJ
རིང་	རིང་	NOUN
དུ་	ལ་	PART
སོང་	སོང་	VERB
། །		PUNCT
མི་	མི་	PART
གཡོ་	གཡོ་	VERB
ལེགས་པ་	ལེགས་པ་	VERB
འི་	གི་	PART
བློ་གྲོས་	བློ་གྲོས་	NOUN
དང་	དང་	NO_POS
། །		PUNCT
ཆོ་	ཆོ་	NOUN
ཀྱི་	གི་	PART
སྤྲིན་	སྤྲིན་	NOUN
བཅའ་	བཅའ་	VERB
དེ་དག་	དེ་དག་	OTHER
ལ་	ལ་	PART
། །		PUNCT
ཡོན་ཏན་	ཡོན་ཏན་	NOUN
ཕར་ཕྱིན་	ཕར་ཕྱིན་	NOUN
ལྷག་	ལྷག་	NOUN
སོགས་	སོགས་	DET
སོ་	གོ་	PART
། །		PUNCT
འབྲས་བུ་	འབྲས་བུ་	NOUN
རྫོགས་	རྫོགས་	VERB
སངས་རྒྱས་	སངས་རྒྱས་	NOUN
ཀྱི་	གི་	PART
ས་	ས་	ADP
"།

།"		PUNCT
བརྙེས་	བརྙེས་	NO_POS
ཚུལ་	ཚུལ་	NOUN
བརྙེས་	བརྙེས་	NO_POS
བྱ་	བྱ་	VERB
སྐུ་	སྐུ་	NOUN
འི་	གི་	PART
རྣམ་	རྣམ་	NOUN
བཞག་	བཞག་	VERB
།		PUNCT
དུས་	དུས་	NOUN
ཀྱི་	གི་	PART
སྒོ་	སྒོ་	NOUN
ན་	ནས་	PART
བསྔགས་	བསྔགས་	VERB
བཅའ་	བཅའ་	VERB
སོ་	གོ་	PART
། །		PUNCT
དབུ་མ་	དབུ་མ་	PROPN
འི་	གི་	PART
གྲུབ་མཐའ་	གྲུབ་མཐའ་	NOUN
ཞིབ་པ་	ཞིབ་པ་	NOUN
ར་	ལ་	PART
ནི་	ནི་	NO_POS
། །		PUNCT
ཀླུ་སྒྲུབ་	ཀླུ་སྒྲུབ་	PROPN
གཞུང་བཟང་	གཞུང་བཟང་	NO_POS
ལ་	ལ་	ADP
ས་	གིས་	PART
ཤེས་བྱ་	ཤེས་བྱ་	VERB
། །		PUNCT
སྤྲོས་བྲལ་	སྤྲོས་བྲལ་	ADJ
དབུ་མ་	དབུ་མ་	PROPN
འི་	གི་	PART
སྐབས་	སྐབས་	NOUN
ཀྱི་	གི་	PART
སྡོམ་	སྡོམ་	NOUN
སྟེ་	སྟེ་	PART
བཞི་པ་	བཞི་པ་	ADJ
འོ་	གོ་	PART
།། ༈ །		PUNCT
ཞར་བྱུང་	ཞར་བྱུང་	OTHER
རྡོ་རྗེ་	རྡོ་རྗེ་	NOUN
ཐེག་པ་	ཐེག་པ་	NOUN
ཡི་	གི་	PART
། །		PUNCT
རྒྱུད་སྡེ་	རྒྱུད་སྡེ་	NOUN
འི་	གི་	PART
རྣམ་	རྣམ་	NOUN
བཞག་	བཞག་	VERB
མདོ་	མདོ་	NOUN
ཙམ་	ཙམ་	DET
འཆད་	འཆད་	VERB
། །		PUNCT
དོན་	དོན་	NOUN
གཅིག་	གཅིག་	NUM
ན་	ལ་	PART
ཡང་	ཀྱང་	PART
མ་	མ་	PART
རྨོངས་	རྨོངས་	VERB
དང་	དང་	NO_POS
། །		PUNCT
ཐབས་	ཐབས་	NOUN
མང་	མང་	VERB
དཀའ་བ་	དཀའ་བ་	VERB
མེད་པ་	མེད་པ་	VERB
དང་	དང་	NO_POS
། །		PUNCT
དབང་པོ་	དབང་པོ་	NOUN
རྣོན་པོ་	རྣོན་པོ་	ADJ
འི་	གི་	PART
དབང་	དབང་	NOUN
བྱ་	བྱ་	VERB
ན་	ནས་	PART
། །		PUNCT
སྔགས་	སྔགས་	NOUN
ཀྱི་	གི་	PART
ཐེག་པ་	ཐེག་པ་	NOUN
ཁྱད་པར་	ཁྱད་པར་	NOUN
འཕགས་	འཕགས་	VERB
། །		PUNCT
བྱ་རྒྱུད་	བྱ་རྒྱུད་	NOUN
རང་	རང་	PRON
རྐང་	རྐང་	NOUN
བདག་བསྐྱེད་	བདག་བསྐྱེད་	OTHER
མེད་	མེད་	VERB
། །		PUNCT
བྲིས་སྐུ་	བྲིས་སྐུ་	NOUN
ལྷ་	ལྷ་	NOUN
ར་	ལ་	PART
བསྒོམ་	བསྒོམ་	VERB
དེ་	དེ་	DET
འི་	གི་	PART
ཐུགས་ཀ་	ཐུགས་ཀ་	NOUN
འི་	གི་	PART
། །		PUNCT
སྔགས་	སྔགས་	NOUN
ཕྲེང་	ཕྲེང་	OTHER
འོད་ཟེར་	འོད་ཟེར་	NOUN
སྤྲོ་	སྤྲོ་	NO_POS
བསྡུ་	བསྡུ་	VERB
བྱ་	བྱ་	VERB
། །		PUNCT
ཀུན་སྤྱོད་	ཀུན་སྤྱོད་	NOUN
དཀའ་ཐུབ་	དཀའ་ཐུབ་	NOUN
གཙང་སྦྲ་	གཙང་སྦྲ་	NOUN
ར་	ལ་	PART
གནས་	གནས་	NOUN
། །		PUNCT
རྗེ་དཔོན་	རྗེ་དཔོན་	NOUN
ལྟ་བུ་	ལྟ་བུ་	NOUN
ར་	ལ་	PART
དངོས་གྲུབ་	དངོས་གྲུབ་	NOUN
ལེན་	ལེན་	VERB
། །		PUNCT
བྱ་རྒྱུད་	བྱ་རྒྱུད་	NOUN
བདག་བསྐྱེད་	བདག་བསྐྱེད་	OTHER
ཡོད་	ཡོད་	VERB
གྱུར་	གྱུར་	VERB
ན་	ལ་	PART
། །		PUNCT
རྣལ་འབྱོར་	རྣལ་འབྱོར་	NOUN
རྒྱུད་	རྒྱུད་	NOUN
ཀྱི་	གི་	PART
རྗེས་	རྗེས་	NOUN
འབྲང་	འབྲང་	VERB
ཡིན་	ཡིན་	NO_POS
། །		PUNCT
ཆུ་	ཆུ་	NOUN
ཡི་	གི་	PART
དབང་	དབང་	NOUN
བསྐུར་	བསྐུར་	NO_POS
ཅོད་པན་	ཅོད་པན་	NOUN
དག་	དག་	DET
།		PUNCT
བྱ་བ་	བྱ་བ་	VERB
འི་	གི་	PART
རྒྱུད་	རྒྱུད་	NOUN
ལ་	ལ་	PART
རབ་ཏུ་	རབ་ཏུ་	NO_POS
གྲག་	གྲག་	VERB
། །		PUNCT
སྤྱོད་པ་	སྤྱོད་པ་	VERB
འི་	གི་	PART
རྒྱུད་	རྒྱུད་	NOUN
ལ་	ལ་	PART
བྲིས་སྐུ་	བྲིས་སྐུ་	NOUN
དང་	དང་	NO_POS
། །		PUNCT
རང་ཉིད་	རང་ཉིད་	OTHER
གཉིས་ཀ་	གཉིས་ཀ་	OTHER
ལྷ་	ལྷ་	NOUN
ར་	ལ་	PART
བསྒོམ་	བསྒོམ་	VERB
ན་	ནས་	PART
། །		PUNCT
གྲོགས་པོ་	གྲོགས་པོ་	NOUN
ལྟ་བུ་	ལྟ་བུ་	NOUN
ར་	ལ་	PART
དངོས་གྲུབ་	དངོས་གྲུབ་	NOUN
ལེན་	ལེན་	VERB
། །		PUNCT
རྡོ་རྗེ་	རྡོ་རྗེ་	NOUN
དྲིལ་བུ་	དྲིལ་བུ་	NOUN
མིང་	མིང་	NOUN
གི་	གི་	PART
དབང་	དབང་	NOUN
། །		PUNCT
སྤྱོད་པ་	སྤྱོད་པ་	VERB
འི་	གི་	PART
རྒྱུད་	རྒྱུད་	NOUN
ལ་	ལ་	PART
རབ་ཏུ་	རབ་ཏུ་	NO_POS
གྲག་	གྲག་	VERB
། །		PUNCT
རྣལ་འབྱོར་	རྣལ་འབྱོར་	NOUN
རྒྱུད་	རྒྱུད་	NOUN
ནི་	ནི་	NO_POS
ཕྱི་རོལ་	ཕྱི་རོལ་	NOUN
ལ་	ལ་	PART
། །		PUNCT
དམིགས་པ་	དམིགས་པ་	VERB
འི་	གི་	PART
རྐྱེན་	རྐྱེན་	NOUN
ཙམ་	ཙམ་	DET
བྱ་	བྱ་	VERB
ན་	ནས་	PART
ཀྱང་	ཀྱང་	PART
། །		PUNCT
རང་ཉིད་	རང་ཉིད་	OTHER
དམ་ཚིག་	དམ་ཚིག་	NOUN
སེམས་དཔའ་	སེམས་དཔའ་	NOUN
ལ་	ལ་	PART
། །		PUNCT
ཡེ་ཤེས་	ཡེ་ཤེས་	NOUN
འཁོར་ལོ་	འཁོར་ལོ་	NOUN
སྤྱན་	སྤྱན་	NOUN
དྲངས་	དྲངས་	NO_POS
ན་	ནས་	PART
། །		PUNCT
ཇི་སྲིད་	ཇི་སྲིད་	PRON
ཕྱག་རྒྱ་	ཕྱག་རྒྱ་	NOUN
མ་	མ་	PART
བཀྲོལ་བ་	བཀྲོལ་བ་	NO_POS
། །		PUNCT
དེ་	སྟེ་	PART
ཡི་	གི་	PART
བ་	བ་	NOUN
དུ་	ལ་	PART
སངས་རྒྱས་	སངས་རྒྱས་	NOUN
བཞུགས་	བཞུགས་	VERB
། །		PUNCT
ཕྱག་རྒྱ་	ཕྱག་རྒྱ་	NOUN
བཀྲོལ་	བཀྲོལ་	VERB
ན་	ནས་	PART
སངས་རྒྱས་	སངས་རྒྱས་	NOUN
གཤེགས་	གཤེགས་	VERB
། །		PUNCT
དེ་ནས་	དེ་ནས་	NO_POS
རང་ཉིད་	རང་ཉིད་	OTHER
ཐ་མལ་	ཐ་མལ་	ADJ
གྱུར་	གྱུར་	VERB
། །		PUNCT
སྔ་	སྔ་	NOUN
གྱི་	གི་	PART
དབང་	དབང་	NOUN
ལྔ་	ལྔ་	NUM
འི་	གི་	PART
སྟེང་	སྟེང་	NOUN
དུ་	ལ་	PART
ནི་	ནི་	NO_POS
། །		PUNCT
ཕྱི་	ཕྱི་	OTHER
མི་	མི་	PART
ལྡོག་	ལྡོག་	VERB
དང་	དང་	NO_POS
དྲུག་	དྲུག་	NUM
ཏུ་	ལ་	PART
བཞེད་	བཞེད་	VERB
། །		PUNCT
རྣལ་འབྱོར་	རྣལ་འབྱོར་	NOUN
བླ་	བླ་	NOUN
ན་	ལ་	PART
མེད་པ་	མེད་པ་	VERB
ལ་	ལ་	PART
། །		PUNCT
རང་ཉིད་	རང་ཉིད་	OTHER
དམ་ཚིག་	དམ་ཚིག་	NOUN
སེམས་དཔ་	སེམས་དཔའ་	NOUN
ར་	ལ་	PART
བསྒོམ་	བསྒོམ་	VERB
། །		PUNCT
ཡེ་ཤེས་	ཡེ་ཤེས་	NOUN
འཁོར་ལོ་	འཁོར་ལོ་	NOUN
སྤྱན་	སྤྱན་	NOUN
དྲངས་	དྲངས་	NO_POS
བསྟིམ་	བསྟིམ་	NO_POS
། །		PUNCT
སྣང་གྲག་	སྣང་གྲག་	PROPN
ཆོ་	ཆོ་	NOUN
ཀུན་	ཀུན་	DET
ལྷ་	ལྷ་	NOUN
རུ་	ལ་	PART
བསྒོམ་	བསྒོམ་	VERB
། །		PUNCT
དག་པ་	དག་པ་	VERB
གསུམ་	གསུམ་	NUM
ལས་མ་	ལས་མ་	NO_POS
གཡོ་	གཡོ་	VERB
བཞིན་	བཞིན་	NOUN
། །		PUNCT
དངོས་གྲུབ་	དངོས་གྲུབ་	NOUN
ལེན་པ་	ལེན་པ་	VERB
ར་	ལ་	PART
བྱ་བ་	བྱ་བ་	VERB
ཡིན་	ཡིན་	NO_POS
། །		PUNCT
འདི་	འདི་	DET
ལ་	ལ་	PART
སྨིན་	སྨིན་	VERB
བྱེད་	བྱེད་	VERB
དབང་	དབང་	NOUN
བཞི་	བཞི་	NUM
དང་	དང་	NO_POS
། །		PUNCT
གྲོལ་	གྲོལ་	VERB
བྱེད་	བྱེད་	VERB
རིམ་གཉིས་	རིམ་གཉིས་	OTHER
ལམ་	གམ་	PART
ལ་སོགས་	ལ་སོགས་	NO_POS
། །		PUNCT
ཚེ་	ཚེ་	NOUN
འདི་	འདི་	DET
ར་	ལ་	PART
སངས་རྒྱས་	སངས་རྒྱས་	NOUN
སྒྲུབ་པ་	སྒྲུབ་པ་	VERB
འི་	གི་	PART
ཐབས་	ཐབས་	NOUN
། །		PUNCT
ཟབ་པ་	ཟབ་པ་	VERB
དང་	དང་	NO_POS
ནི་	ནི་	NO_POS
རྒྱ་ཆེ་བ་	རྒྱ་ཆེ་བ་	NO_POS
འི་	གི་	PART
། །		PUNCT
རྒྱུད་སྡེ་	རྒྱུད་སྡེ་	NOUN
དག་	དག་	DET
ལ་	ལ་	ADP
ས་	གིས་	PART
རྟོགས་པ་	རྟོགས་པ་	VERB
ར་	ལ་	PART
བྱ་	བྱ་	VERB
། །		PUNCT
དེ་ལྟ་	དེ་ལྟ་	NO_POS
གྲུབ་མཐའ་	གྲུབ་མཐའ་	NOUN
སྨྲ་བ་	སྨྲ་བ་	VERB
བཞི་	བཞི་	NUM
"།

།"		PUNCT
ཞར་བྱུང་	ཞར་བྱུང་	OTHER
རྒྱུད་སྡེ་	རྒྱུད་སྡེ་	NOUN
འི་	གི་	PART
རྣམ་	རྣམ་	NOUN
བཞག་	བཞག་	VERB
བཅའ་	བཅའ་	VERB
། །		PUNCT
སྡོམ་ཚིག་	སྡོམ་ཚིག་	OTHER
རགས་ཙམ་	རགས་ཙམ་	OTHER
བསྟན་པ་	བསྟན་པ་	VERB
འདི་	འདི་	DET
།		PUNCT
ཁྱབ་བདག་	ཁྱབ་བདག་	OTHER
རྡོ་རྗེ་	རྡོ་རྗེ་	NOUN
འཆང་	འཆང་	NO_POS
ཆེན་པོ་	ཆེན་པོ་	ADJ
། །		PUNCT
བླ་ཆེན་	བླ་ཆེན་	PROPN
ངུར་སྨྲིག་	ངུར་སྨྲིག་	NOUN
འཆང་བ་	འཆང་བ་	VERB
ཡི་	གིས་	PART
། །		PUNCT
བཀའ་ལུང་	བཀའ་ལུང་	NOUN
ཅོད་	ཅོད་	NO_POS
པཎ་	པཎ་	NO_POS
སྤྱི་བོ་	སྤྱི་བོ་	NOUN
རུ་	ལ་	PART
། །		PUNCT
རྩལ་	རྩལ་	NOUN
བཞིན་	བཞིན་	NOUN
རྨོངས་རྟུལ་	རྨོངས་རྟུལ་	NO_POS
རབ་འབྱམས་པ་	རབ་འབྱམས་པ་	ADJ
། །		PUNCT
བྱམས་པ་	བྱམས་པ་	PROPN
སྨོན་ལམ་	སྨོན་ལམ་	NOUN
གྲགས་པ་	གྲགས་པ་	VERB
ས་	གིས་	PART
སོ་	གོ་	PART
།། །།		PUNCT
སརྦ་	སརྦ་	NO_POS
མངྒ་		NON_WORD
ལཾ་		NON_WORD
།། །།		PUNCT
ཐེག་ཆེན་	ཐེག་ཆེན་	NOUN
མཐོང་སྤང་	མཐོང་སྤང་	NO_POS
ལ་	ལ་	PART
།		PUNCT
གཟུང་	གཟུང་	VERB
རྟོག་	རྟོག་	VERB
དང་	དང་	NO_POS
།		PUNCT
འཛིན་	འཛིན་	VERB
རྟོག་	རྟོག་	VERB
གཉིས་	གཉིས་	NUM
། །		PUNCT
གཟུང་	གཟུང་	VERB
རྟོག་	རྟོག་	VERB
ལ་	ལ་	PART
ཡང་	ཀྱང་	PART
གཞི་	གཞི་	NOUN
འི་	གི་	PART
རྟེན་	རྟེན་	NOUN
ཅན་	ཅན་	PART
གྱི་	གི་	PART
གཟུང་	གཟུང་	VERB
རྟོག་	རྟོག་	VERB
དང་	དང་	NO_POS
།		PUNCT
གཉེན་པོ་	གཉེན་པོ་	NOUN
འི་	གི་	PART
རྟེན་	རྟེན་	NOUN
ཅན་	ཅན་	PART
གྱི་	གི་	PART
གཟུང་	གཟུང་	VERB
རྟོག་	རྟོག་	VERB
གཉིས་	གཉིས་	NUM
།		PUNCT
གཞི་	གཞི་	NOUN
འི་	གི་	PART
རྟེན་	རྟེན་	NOUN
ཅན་	ཅན་	PART
གྱི་	གི་	PART
གཟུང་	གཟུང་	VERB
རྟོག་	རྟོག་	VERB
ནི་	ནི་	NO_POS
།		PUNCT
རང་ཡུལ་	རང་ཡུལ་	NOUN
དོར་	དོར་	VERB
བྱ་	བྱ་	VERB
གཟུང་བ་	གཟུང་བ་	VERB
ལ་	ལ་	PART
དམིགས་པ་	དམིགས་པ་	VERB
དོར་	དོར་	VERB
བྱ་	བྱ་	VERB
མངོན་པ་	མངོན་པ་	OTHER
ཞེན་པ་	ཞེན་པ་	VERB
འི་	གི་	PART
ཐེག་ཆེན་	ཐེག་ཆེན་	NOUN
གྱི་	གི་	PART
མཐོང་སྤང་	མཐོང་སྤང་	NO_POS
རྟོགས་པ་	རྟོགས་པ་	VERB
དང་	དང་	NO_POS
དོན་	དོན་	NOUN
གཅིག་	གཅིག་	NUM
གཉེན་པོ་	གཉེན་པོ་	NOUN
འི་	གི་	PART
རྟེན་	རྟེན་	NOUN
ཅན་	ཅན་	PART
གྱི་	གི་	PART
གཟུང་	གཟུང་	VERB
རྟོག་	རྟོག་	VERB
ནི་	ནི་	NO_POS
། །		PUNCT
རང་ཡུལ་	རང་ཡུལ་	NOUN
བླང་	བླང་	NO_POS
བྱ་	བྱ་	VERB
གཟུང་བ་	གཟུང་བ་	VERB
ལ་	ལ་	PART
དམིགས་	དམིགས་	VERB
ན་	ནས་	PART
བླང་	བླང་	NO_POS
བྱ་	བྱ་	VERB
མངོན་པ་	མངོན་པ་	OTHER
ཞེན་པ་	ཞེན་པ་	VERB
འི་	གི་	PART
ཐེག་ཆེན་	ཐེག་ཆེན་	NOUN
གྱི་	གི་	PART
མཐོང་སྤང་	མཐོང་སྤང་	NO_POS
རྟོགས་པ་	རྟོགས་པ་	VERB
དང་	དང་	NO_POS
དོན་	དོན་	NOUN
གཅིག་	གཅིག་	NUM
འཛིན་	འཛིན་	VERB
རྟོག་	རྟོག་	VERB
ལ་	ལ་	PART
།		PUNCT
རྫ་	རྫ་	NOUN
འཛིན་	འཛིན་	VERB
རྟོག་པ་	རྟོག་པ་	VERB
དང་	དང་	NO_POS
།		PUNCT
བརྟགས་	བརྟགས་	VERB
འཛིན་	འཛིན་	VERB
རྟོག་པ་	རྟོག་པ་	VERB
གཉིས་	གཉིས་	NUM
། །		PUNCT
དང་པོ་	དང་པོ་	ADJ
ནི་	ནི་	NO_POS
།		PUNCT
ཐེག་ཆེན་	ཐེག་ཆེན་	NOUN
གྱི་	གི་	PART
མཐོང་སྤང་	མཐོང་སྤང་	NO_POS
ཉོན་སྒྲིབ་	ཉོན་སྒྲིབ་	NO_POS
དང་	དང་	NO_POS
རང་ཡུལ་	རང་ཡུལ་	NOUN
གང་ཟག་	གང་ཟག་	NOUN
དང་	དང་	NO_POS
ཆོ་	ཆོ་	NOUN
གང་རུང་	གང་རུང་	NOUN
རྫས་ཡོད་	རྫས་ཡོད་	NO_POS
ལ་	ལ་	PART
དམིགས་	དམིགས་	VERB
ན་	ནས་	PART
འཛིན་པ་པོ་	འཛིན་པ་པོ་	VERB
བདེན་པ་	བདེན་པ་	VERB
ར་	ལ་	PART
ཞེན་པ་	ཞེན་པ་	VERB
འི་	གི་	PART
ཐེག་ཆེན་	ཐེག་ཆེན་	NOUN
གྱི་	གི་	PART
མཐོང་	མཐོང་	VERB
སྤངས་རྟོགས་པ་	སྤངས་རྟོགས་པ་	NO_POS
དང་	དང་	NO_POS
དོན་	དོན་	NOUN
གཅིག་	གཅིག་	NUM
གཉིས་པ་	གཉིས་པ་	NUM
ནི་	ནི་	NO_POS
།		PUNCT
རང་ཡུལ་	རང་ཡུལ་	NOUN
གང་ཟག་	གང་ཟག་	NOUN
དང་	དང་	NO_POS
ཆོ་	ཆོ་	NOUN
གང་རུང་	གང་རུང་	NOUN
བརྟགས་	བརྟགས་	VERB
ཡོད་	ཡོད་	VERB
ལ་	ལ་	PART
དམིགས་	དམིགས་	VERB
ན་	ནས་	PART
འཛིན་པ་པོ་	འཛིན་པ་པོ་	VERB
བརྟགས་པ་	བརྟགས་པ་	VERB
ཙམ་	ཙམ་	DET
དུ་	ལ་	PART
མངོན་པ་	མངོན་པ་	OTHER
ཞེན་པ་	ཞེན་པ་	VERB
འི་	གི་	PART
ཐེག་ཆེན་	ཐེག་ཆེན་	NOUN
གྱི་	གི་	PART
མཐོང་སྤང་	མཐོང་སྤང་	NO_POS
རྟོགས་པ་	རྟོགས་པ་	VERB
དོན་	དོན་	NOUN
གཅིག་	གཅིག་	NUM
ཐེག་ཆེན་	ཐེག་ཆེན་	NOUN
སྒོམ་ལམ་	སྒོམ་ལམ་	NOUN
གྱི་	གི་	PART
སྤང་བྱ་	སྤང་བྱ་	NOUN
ཤེས་སྒྲིབ་	ཤེས་སྒྲིབ་	NO_POS
གཙོ་	གཙོ་	NOUN
ཆེ་	ཆེ་	VERB
ར་	ལ་	PART
སྤངས་བ་	སྤངས་བ་	VERB
ཡིན་	ཡིན་	NO_POS
ཏེ་	སྟེ་	PART
སློབ་དཔོན་	སློབ་དཔོན་	NOUN
སེང་གེ་	སེང་གེ་	NOUN
བཟང་པོ་	བཟང་པོ་	ADJ
ས་	གིས་	PART
།		PUNCT
མཐོང་བ་	མཐོང་བ་	VERB
ས་	གིས་	PART
སྤང་བྱ་	སྤང་བྱ་	NOUN
འི་	གི་	PART
ཉོན་མོངས་	ཉོན་མོངས་	NOUN
རྣམས་	རྣམས་	DET
། །		PUNCT
ཐམས་ཅད་	ཐམས་ཅད་	DET
ཡང་དག་	ཡང་དག་	ADJ
ཟད་	ཟད་	VERB
བྱ་	བྱ་	VERB
ན་	ནས་	PART
། །		PUNCT
ཤེས་བྱ་	ཤེས་བྱ་	VERB
འི་	གི་	PART
སྒྲིབ་པ་	སྒྲིབ་པ་	VERB
སྤོང་བ་	སྤོང་བ་	VERB
འི་	གི་	PART
ཕྱི་	ཕྱི་	OTHER
། །		PUNCT
བསྒོམ་པ་	བསྒོམ་པ་	VERB
ལ་	ལ་	PART
ནི་	ནི་	NO_POS
རབ་ཏུ་	རབ་ཏུ་	NO_POS
སྦྱོར་	སྦྱོར་	VERB
། །		PUNCT
ཞེ་	ཅེས་	PART
གསུང་པ་	གསུང་པ་	VERB
ལྟ་	ལྟ་	OTHER
རོ་	རོ་	NOUN
།། །།		PUNCT
		
བྱམས་པ་	བྱམས་པ་	PROPN
སྨོན་ལམ་	སྨོན་ལམ་	NOUN
གྲགས་པ་	གྲགས་པ་	VERB
།		PUNCT
གྲུབ་མཐ་	གྲུབ་མཐའ་	NOUN
འི་	གི་	PART
སྡོམ་ཚིག་	སྡོམ་ཚིག་	OTHER
		
